Atlanta United,Adams,"Mohammed ""Mo""",M,"$121,000.00","$141,000.00"
Atlanta United,Ambrose,Mikey,D,"$81,375.00","$81,375.00"
Atlanta United,Araujo,Luiz,F-M,"$3,600,000.00","$3,941,667.00"
Atlanta United,Barco,Ezequiel,M,"$1,875,000.00","$2,358,333.00"
Atlanta United,Bauer,Josh,D,"$63,547.00","$63,547.00"
Atlanta United,Bello,George,D,"$135,000.00","$139,000.00"
Atlanta United,Campbell,George,D,"$80,000.00","$80,000.00"
Atlanta United,Chol,Machop,M,"$63,547.00","$63,547.00"
Atlanta United,Conway,Jackson,F,"$63,547.00","$63,547.00"
Atlanta United,Damm,Jurgen,M,"$1,290,000.00","$1,582,509.00"
Atlanta United,De John,Alex,D,"$81,375.00","$81,375.00"
Atlanta United,Escobar,Franco,D,"$450,000.00","$450,000.00"
Atlanta United,Franco,Alan,D,"$378,000.00","$505,500.00"
Atlanta United,Guzan,Brad,GK,"$805,000.00","$805,000.00"
Atlanta United,Hernandez,Ronald,D,"$250,000.00","$250,000.00"
Atlanta United,Hyndman,Emerson,M,"$900,000.00","$900,000.00"
Atlanta United,Ibarra,Franco,D-M,"$300,000.00","$370,000.00"
Atlanta United,Kann,Alec,GK,"$115,000.00","$115,000.00"
Atlanta United,Lennon,Brooks,D,"$375,000.00","$375,000.00"
Atlanta United,Lopez Samaniego,Erik,F,"$340,000.00","$508,300.00"
Atlanta United,Lundgaard,Ben,GK,"$81,375.00","$81,375.00"
Atlanta United,Martinez,Josef,F,"$3,500,000.00","$3,891,667.00"
Atlanta United,Morales,Efrain,D,"$63,547.00","$63,547.00"
Atlanta United,Moreno,Marcelino,F-M,"$400,000.00","$400,000.00"
Atlanta United,Mulraney,Jake,M,"$275,600.00","$312,777.00"
Atlanta United,Robinson,Miles,D,"$650,000.00","$687,500.00"
Atlanta United,Rossetto,Matheus,M,"$550,000.00","$662,500.00"
Atlanta United,Sejdic,Amar,M,"$81,375.00","$81,375.00"
Atlanta United,Sosa,Santiago,M-F,"$385,000.00","$503,100.00"
Atlanta United,Torres,Erick,F,"$81,375.00","$81,375.00"
Atlanta United,Walkes,Anton,D,"$250,000.00","$275,062.00"
Atlanta United,Washington,Bryce,D,"$63,547.00","$63,547.00"
Atlanta United,Wolff,Tyler,F-M,"$75,000.00","$79,500.00"
Austin FC,Berhalter,Sebastian,M,"$85,000.00","$122,250.00"
Austin FC,Besler,Matt,D,"$650,000.00","$650,000.00"
Austin FC,Cascante,Julio,D,"$290,000.00","$317,500.00"
Austin FC,Djitte,Moussa,F,"$500,000.00","$500,000.00"
Austin FC,Dominguez,Cecilio,F,"$1,530,000.00","$1,736,000.00"
Austin FC,Driussi,Sebastian,F,"$2,571,420.00","$2,688,420.00"
Austin FC,Fagundez,Diego,M,"$400,000.00","$400,000.00"
Austin FC,Gaines,McKinze,F,"$81,375.00","$84,125.00"
Austin FC,Gallagher,Jon,F,"$81,375.00","$81,375.00"
Austin FC,Hoesen,Danny,F,"$650,000.00","$716,667.00"
Austin FC,Jimenez,Hector,D,"$250,000.00","$250,000.00"
Austin FC,Kleeman,Freddy,D,"$63,547.00","$63,547.00"
Austin FC,Kolmanic,Zan,D,"$225,000.00","$225,000.00"
Austin FC,Lima,Nick,D,"$350,000.00","$350,000.00"
Austin FC,Manneh,Kekuta,F,"$81,375.00","$81,375.00",
Austin FC,Pereira,Danny,M,"$81,375.00","$99,793.00",
Austin FC,Perez,Manny,M,"$63,547.00","$89,214.00",
Austin FC,Pochettino,Tomas,M,"$582,447.00","$642,447.00",
Austin FC,Pulisic,William,GK,"$63,547.00","$63,547.00",
Austin FC,Redes,Rodney,F,"$385,000.00","$385,000.00",
Austin FC,Ring,Alexander,M,"$1,000,000.00","$1,095,000.00",
Austin FC,Romana,Jhohan,D,"$420,000.00","$420,000.00",
Austin FC,Schoenfeld,Aaron,F,"$210,000.00","$210,000.00",
Austin FC,Scott,Brady,GK,"$115,000.00","$121,236.00",
Austin FC,Segura,Ulises,M,"$240,000.00","$269,125.00",
Austin FC,Stanley,Aedan,D,"$63,547.00","$63,547.00",
Austin FC,Stroud,Jared,M,"$81,375.00","$81,375.00",
Austin FC,Stuver,Brad,GK,"$150,000.00","$160,000.00",
Austin FC,Sweat,Ben,D,"$250,000.00","$250,000.00",
Austin FC,Tarbell,Andrew,GK,"$275,000.00","$283,333.00",
Austin FC,Wolff,Owen,M,"$63,547.00","$76,600.00",
Charlotte FC,Armour,Adam,D,"$63,547.00","$63,547.00",
Charlotte FC,Bronico,Brandt,M,"$81,375.00","$90,705.00",
Chicago Fire,Aliseda,Ignacio,M,"$600,000.00","$821,501.00",
Chicago Fire,Beric,Robert,F,"$2,274,996.00","$2,703,164.00",
Chicago Fire,Bornstein,Jonathan,D,"$300,000.00","$323,200.00",
Chicago Fire,Brady,Chris,GK,"$66,724.00","$68,624.00",
Chicago Fire,Calvo,Francisco,D,"$830,000.00","$902,600.00",
Chicago Fire,Casas,Javier,M,"$66,724.00","$68,624.00",
Chicago Fire,Collier,Elliot,M,"$101,375.00","$101,375.00",
Chicago Fire,Espinoza,Jhon,D,"$162,000.00","$188,500.00",
Chicago Fire,Gimenez,Gaston,M,"$2,058,000.00","$2,358,667.00",
Chicago Fire,Gutierrez,Brian,M,"$66,724.00","$68,624.00",
Chicago Fire,Herbers,Fabian,M,"$230,000.00","$251,250.00",
Chicago Fire,Ivanov,Stanislav,M,"$275,000.00","$334,000.00",
Chicago Fire,Kappelhof,Johan,D-M,"$462,500.00","$490,333.00",
Chicago Fire,Kronholm,Kenneth,GK,"$569,000.00","$632,000.00",
Chicago Fire,Medran,Alvaro,M,"$1,000,000.00","$1,055,000.00",
Chicago Fire,Monis,Alex,M,"$66,724.00","$68,624.00",
Chicago Fire,Navarro,Miguel Angel,D,"$150,000.00","$197,000.00",
Chicago Fire,Navarro,Federico,M,"$180,000.00","$257,500.00",
Chicago Fire,Offor,Chinonso,F,"$132,000.00","$181,400.00",
Chicago Fire,Omsberg,Wyatt,D,"$85,444.00","$85,444.00",
Chicago Fire,Pineda,Mauricio,D-M,"$175,000.00","$198,875.00",
Chicago Fire,Reynolds,Andre,D,"$81,375.00","$89,375.00",
Chicago Fire,Rodriguez,Allan,M,"$66,724.00","$68,624.00",
Chicago Fire,Sekulic,Boris,D,"$571,000.00","$643,900.00",
Chicago Fire,Shuttleworth,Bobby,GK,"$110,000.00","$125,750.00",
Chicago Fire,Slonina,Gabriel,GK,"$100,000.00","$104,800.00",
Chicago Fire,Slonina,Nicholas,D,"$66,724.00","$67,974.00",
Chicago Fire,Stojanovic,Luka,M,"$314,000.00","$373,400.00",
Chicago Fire,Teran,Carlos,D,"$150,000.00","$205,440.00",
Colorado Rapids,Abubakar,Lalas,D,"$210,000.00","$247,125.00",
Colorado Rapids,Acosta,Kellyn,M,"$1,000,000.00","$1,115,000.00",
Colorado Rapids,Anderson,Sebastian,D,"$90,000.00","$91,667.00",
Colorado Rapids,Badji,Dominique,F,"$300,000.00","$306,250.00",
Colorado Rapids,Barrios,Michael,M,"$650,000.00","$650,000.00",
Colorado Rapids,Bassett,Cole,M,"$110,000.00","$119,000.00",
Colorado Rapids,Beitashour,Steven,D,"$150,000.00","$165,000.00",
Colorado Rapids,Edwards,Michael,D,"$81,375.00","$81,375.00",
Colorado Rapids,Esteves,Lucas,D,"$369,996.00","$412,467.00",
Colorado Rapids,Ford,Kortne,D,"$140,000.00","$140,000.00",
Colorado Rapids,Galvan,Braian,F,"$160,000.00","$252,375.00",
Colorado Rapids,Hundley,Matt,F,"$95,000.00","$104,000.00",
Colorado Rapids,Irwin,Clint,GK,"$190,000.00","$203,300.00",
Colorado Rapids,Kaye,Mark-Anthony,M,"$235,625.00","$247,188.00",
Colorado Rapids,Kelly,Jeremy,D,"$85,444.00","$85,444.00",
Colorado Rapids,Larraz,Oliver,M,"$63,547.00","$63,547.00",
Colorado Rapids,Lewis,Jonathan,F,"$410,000.00","$435,000.00",
Colorado Rapids,Mayaka,Philip,M,"$81,375.00","$94,375.00",
Colorado Rapids,Mezquida,Nicolas,M,"$350,000.00","$380,000.00",
Colorado Rapids,Moor,Drew,D,"$150,000.00","$165,000.00",
Colorado Rapids,Namli,Younes,M,"$850,000.00","$1,271,000.00",
Colorado Rapids,Price,Jack,M,"$600,000.00","$655,625.00",
Colorado Rapids,Rawls,Andre,GK,"$85,000.00","$91,000.00",
Colorado Rapids,Rodriguez,Abraham,GK,"$63,547.00","$63,547.00",
Colorado Rapids,Rosenberry,Keegan,D,"$285,000.00","$298,750.00",
Colorado Rapids,Rubio Kostner,Diego,F,"$585,000.00","$629,583.00",
Colorado Rapids,Shinyashiki,Andre,F,"$120,000.00","$130,000.00",
Colorado Rapids,Toure,"Dantouma ""Yaya""",F,"$63,547.00","$78,165.00",
Colorado Rapids,Trusty,Auston,D,"$375,000.00","$431,250.00",
Colorado Rapids,Vint,Will,D,"$63,547.00","$63,547.00",
Colorado Rapids,Warner,Collen,M,"$81,375.00","$81,375.00",
Colorado Rapids,Wilson,Danny,D,"$275,000.00","$288,750.00",
Colorado Rapids,Yapi,Darren,F,"$63,547.00","$74,380.00",
Colorado Rapids,Yarbrough,William,GK,"$300,000.00","$375,000.00",
Columbus Crew,Abdul-Salaam,Saad,D,"$125,000.00","$133,667.00",
Columbus Crew,Afful,Harrison,D,"$335,000.00","$365,000.00",
Columbus Crew,Berry,Miguel,F,"$85,444.00","$85,444.00",
Columbus Crew,Bush,Evan,GK,"$376,000.00","$438,667.00",
Columbus Crew,Diaz,Luis,M,"$350,004.00","$383,904.00",
Columbus Crew,Dick,Eric,GK,"$85,444.00","$85,444.00",
Columbus Crew,Etienne,Derrick,M,"$125,000.00","$125,000.00",
Columbus Crew,Francis,Waylon,D,"$220,000.00","$230,000.00",
Columbus Crew,Fraser,Liam,M,"$89,513.00","$94,513.00",
Columbus Crew,Hairston,Marlon,M-D,"$81,375.00","$81,375.00",
Columbus Crew,Hurtado,Erik,F,"$218,182.00","$245,682.00",
Columbus Crew,Keita,Aboubacar,D,"$110,000.00","$110,000.00",
Columbus Crew,Kitchen,Perry,M,"$275,000.00","$301,667.00",
Columbus Crew,Lillard,Grant,D,"$125,000.00","$127,500.00",
Columbus Crew,Lima,Artur,M,"$480,000.00","$531,633.00",
Columbus Crew,Matan,Alexandru,M-F,"$375,000.00","$408,250.00",
Columbus Crew,Mensah,Jonathan,D,"$1,000,000.00","$1,140,667.00",
Columbus Crew,Molino,Kevin,M,"$667,000.00","$667,000.00",
Columbus Crew,Moreira,Steven,D,"$350,000.00","$432,708.00",
Columbus Crew,Morris,Aidan,M,"$145,000.00","$147,000.00",
Columbus Crew,Nagbe,Darlington,M,"$1,710,000.00","$1,710,000.00",
Columbus Crew,Parente,Isaiah,M,"$63,547.00","$67,547.00",
Columbus Crew,Room,Eloy,GK,"$425,004.00","$479,698.00",
Columbus Crew,Santos,Pedro,M,"$817,560.00","$864,560.00",
Columbus Crew,Valenzuela,Milton,D,"$375,000.00","$406,300.00",
Columbus Crew,Williams,Josh,D,"$300,000.00","$302,500.00",
Columbus Crew,Wormgoor,Vito,D,"$415,000.00","$492,875.00",
Columbus Crew,Wright-Phillips,Bradley,F,"$410,000.00","$475,750.00",
Columbus Crew,Zardes,Gyasi,F,"$1,350,000.00","$1,400,000.00",
Columbus Crew,Zelarayan,Lucas,M,"$1,620,000.00","$1,985,000.00",
DC United,Abila,Ramon,F,"$800,000.00","$1,105,000.00",
DC United,Alfaro,Antonio,D,"$81,375.00","$81,375.00",
DC United,Arriola,Paul,M,"$1,000,000.00","$1,050,000.00",
DC United,Asad,Yamil,M-F,"$475,000.00","$542,667.00",
DC United,Birnbaum,Steven,D,"$700,000.00","$712,500.00",
DC United,Bolivar,Jovanny,F,"$81,375.00","$81,375.00",
DC United,Brillant,Frederic,D,"$300,000.00","$315,000.00",
DC United,Canouse,Russell,M,"$500,000.00","$500,000.00",
DC United,Deshields,Michael,D,"$81,375.00","$81,375.00",
DC United,Flores,Edison,M-F,"$1,600,000.00","$1,733,000.00",
DC United,Greene,Jacob,D-M,"$63,547.00","$66,547.00",
DC United,Gressel,Julian,M,"$705,000.00","$760,781.00",
DC United,Hamid,Bill,GK,"$500,000.00","$500,000.00",
DC United,Hines-Ike,Brendan,D,"$240,000.00","$274,429.00",
DC United,Kamara,Ola,F,"$400,000.00","$420,000.00",
DC United,Kempin,Jon,GK,"$85,444.00","$85,444.00",
DC United,Martins,Felipe,M,"$150,000.00","$150,000.00",
DC United,Mora,Joseph,D,"$184,000.00","$198,600.00",
DC United,Moreno,Junior,M,"$184,000.00","$193,550.00",
DC United,Najar,Andy,D,"$90,000.00","$100,000.00",
DC United,Nyeman,Moses,M,"$85,444.00","$88,230.00",
DC United,Odoi-Atsem,Chris,D,"$130,000.00","$141,000.00",
DC United,Paredes,Kevin,M,"$100,000.00","$108,000.00",
DC United,Perez,Adrien,F,"$81,375.00","$81,375.00",
DC United,Pines,Donovan,D,"$125,000.00","$127,000.00",
DC United,Reyna,Yordy,M-F,"$711,500.00","$774,640.00",
DC United,Robertha,Nigel,F,"$550,000.00","$622,406.00",
DC United,Seitz,Chris,GK,"$160,000.00","$160,000.00",
DC United,Skundrich,Andrew,M-F,"$81,375.00","$81,375.00",
DC United,Smith,Kimarni,M-F,"$81,375.00","$81,375.00",
DC United,Sorga,Erik,F,"$150,000.00","$173,000.00",
DC United,Yow,Griffin,F,"$110,000.00","$116,118.00",
FC Cincinnati,Acosta,Luciano,M,"$1,943,500.00","$2,222,854.00",
FC Cincinnati,Atanga,Isaac,F,"$259,000.00","$273,000.00",
FC Cincinnati,Bailey,Zico,D,"$66,724.00","$66,724.00",
FC Cincinnati,Barreal,Alvaro,F,"$300,000.00","$300,000.00",
FC Cincinnati,Blackett,Tyler,D,"$398,400.00","$398,400.00",
FC Cincinnati,Cameron,Geoff,D,"$336,000.00","$389,667.00",
FC Cincinnati,Castillo,Edgar,D,"$121,000.00","$127,019.00",
FC Cincinnati,Cruz,Allan,M,"$1,020,000.00","$1,134,000.00",
FC Cincinnati,Duvall,Chris,D,"$81,375.00","$81,375.00",
FC Cincinnati,Fjeldberg,Jonas,,"$63,547.00","$63,547.00",
FC Cincinnati,Flanagan,Avionne,D,"$63,547.00","$63,547.00",
FC Cincinnati,Gyau,Joe,D,"$273,000.00","$273,000.00",
FC Cincinnati,Hagglund,Nick,D,"$175,000.00","$184,375.00",
FC Cincinnati,Harris,Calvin,F,"$81,375.00","$96,375.00",
FC Cincinnati,Kubo,Yuya,M,"$1,091,000.00","$1,206,750.00",
FC Cincinnati,Lundt,Ben,GK,"$85,444.00","$87,019.00",
FC Cincinnati,Matarrita,Ronald,D,"$700,000.00","$756,875.00",
FC Cincinnati,Medunjanin,Haris,M,"$570,000.00","$625,750.00",
FC Cincinnati,Mines,Ben,M,"$81,375.00","$86,239.00",
FC Cincinnati,Mokotjo,Kamohelo,M,"$925,000.00","$1,007,969.00",
FC Cincinnati,Ordonez,Arquimides,F,"$63,547.00","$67,084.00",
FC Cincinnati,Scott,Kyle,M,"$81,375.00","$92,458.00",
FC Cincinnati,Souza da Silva,Brenner,F,"$1,221,818.00","$1,760,418.00",
FC Cincinnati,Stanko,Caleb,M,"$210,000.00","$210,000.00",
FC Cincinnati,Sunderland,Beckham,GK,"$63,547.00","$67,609.00",
FC Cincinnati,Tyton,Przemyslaw,GK,"$262,500.00","$269,375.00",
FC Cincinnati,Vallecilla,Gustavo,D,"$252,000.00","$284,880.00",
FC Cincinnati,Valot,Florian,M,"$93,581.00","$97,498.00",
FC Cincinnati,Van Der Werff,Maikel,D,"$350,000.00","$435,167.00",
FC Cincinnati,Vazquez,Brandon,F,"$250,000.00","$279,167.00",
FC Cincinnati,Vermeer,Kenneth,GK,"$81,375.00","$104,375.00",
FC Dallas,Acosta,Bryan,M,"$650,000.00","$700,000.00",
FC Dallas,Bressan,Matheus,D,"$536,000.00","$582,340.00",
FC Dallas,Burgess,Nkosi,D,"$66,724.00","$66,724.00",
FC Dallas,Cerrillo,Edwin,M,"$95,000.00","$110,000.00",
FC Dallas,Che,Justin,D,"$80,000.00","$89,209.00",
FC Dallas,Elmedkhar,Kalil,D,"$63,547.00","$63,547.00",
FC Dallas,Ferreira,Jesus,F,"$550,000.00","$550,000.00",
FC Dallas,Gomes,Caiser Sergio,D,"$81,375.00","$81,375.00",
FC Dallas,Hedges,Matt,D,"$850,000.00","$850,000.00",
FC Dallas,Hernandez,Dominick,M,"$63,547.00","$73,237.00",
FC Dallas,Hollingshead,Ryan,D,"$346,500.00","$346,500.00",
FC Dallas,Jara,Franco,F,"$2,290,000.00","$2,977,000.00",
FC Dallas,Martinez,Jose Antonio,D,"$600,000.00","$673,000.00",
FC Dallas,Maurer,Jimmy,GK,"$250,000.00","$267,888.00",
FC Dallas,Megiolaro,Phelipe,GK,"$150,000.00","$176,250.00",
FC Dallas,Munjoma,Eddie,D,"$66,724.00","$66,724.00",
FC Dallas,Nelson,John,D,"$115,000.00","$123,000.00",
FC Dallas,Obrian,Jader,F,"$360,000.00","$444,600.00",
FC Dallas,Pepi,Ricardo,F,"$200,000.00","$271,333.00",
FC Dallas,Pomykal,Paxton,M,"$600,000.00","$600,000.00",
FC Dallas,Quignon,Facundo,M,"$786,000.00","$840,627.00",
FC Dallas,Redzic,Beni,M,"$63,547.00","$71,169.00",
FC Dallas,Ricaurte,Andres,M,"$450,000.00","$487,178.00",
FC Dallas,Roberts,Thomas,M,"$150,000.00","$163,000.00",
FC Dallas,Schon,Szabolcs,F,"$300,000.00","$341,800.00",
FC Dallas,Sealy,Dante,F,"$100,000.00","$113,400.00",
FC Dallas,Servania,Brandon,M,"$230,400.00","$271,400.00",
FC Dallas,Smith,Collin,D,"$63,547.00","$66,547.00",
FC Dallas,Twumasi,Ema,F,"$200,000.00","$246,900.00",
FC Dallas,Vargas,Freddy,M,"$160,000.00","$186,000.00",
FC Dallas,Zobeck,Kyle,GK,"$85,444.00","$85,444.00",
Houston Dynamo,Baird,Corey,F,"$365,000.00","$396,031.00",
Houston Dynamo,Bajamich,Mateo,F,"$264,000.00","$324,069.00",
Houston Dynamo,Bartlow,Ethan,D,"$81,375.00","$88,875.00",
Houston Dynamo,Bizama,Jose,D,"$225,000.00","$250,000.00",
Houston Dynamo,Carraquilla,Adalberto,M,"$418,908.00","$469,132.00",
Houston Dynamo,Castilla,Juan,M,"$63,547.00","$77,897.00",
Houston Dynamo,Ceren,Darwin,M,"$195,500.00","$245,500.00",
Houston Dynamo,Corona,Joe,M,"$275,000.00","$290,000.00",
Houston Dynamo,Dorsey,Griffin,D,"$110,000.00","$129,000.00",
Houston Dynamo,Figueroa,Maynor,D,"$150,000.00","$157,688.00",
Houston Dynamo,Fuenmayor,Alejandro,D,"$190,008.00","$217,508.00",
Houston Dynamo,Garcia,Oscar Boniek,M,"$81,375.00","$81,375.00",
Houston Dynamo,Hadebe,Teenage,D,"$960,000.00","$1,125,177.00",
Houston Dynamo,Hoffmann,Ian,D,"$63,547.00","$63,547.00",
Houston Dynamo,Jones,Derrick,M,"$160,000.00","$182,969.00",
Houston Dynamo,Junqua,Sam,D,"$81,375.00","$81,375.00",
Houston Dynamo,Lassiter,Ariel,F,"$210,000.00","$230,280.00",
Houston Dynamo,Lemoine,Nico,F,"$66,724.00","$66,724.00",
Houston Dynamo,Lundkvist,Adam,D,"$325,000.00","$372,500.00",
Houston Dynamo,Maric,Marko,GK,"$465,000.00","$513,250.00",
Houston Dynamo,McCue,Erik,D,"$81,375.00","$81,375.00",
Houston Dynamo,Morton,Kyle,GK,"$81,375.00","$81,375.00",
Houston Dynamo,Nelson,Michael,GK,"$85,444.00","$85,444.00",
Houston Dynamo,Palomino,Marcelo,F,"$66,724.00","$66,724.00",
Houston Dynamo,Parker,Tim,D,"$1,161,800.00","$1,199,300.00",
Houston Dynamo,Pasher,Tyler,F,"$150,000.00","$157,881.00",
Houston Dynamo,Picault,Fafa,F,"$500,000.00","$500,000.00",
Houston Dynamo,Quintero,Darwin,F,"$1,352,055.00","$1,352,055.00",
Houston Dynamo,Rios,Daniel Esteban,M,"$63,547.00","$68,069.00",
Houston Dynamo,Rodriguez,Memo,M,"$265,000.00","$290,935.00",
Houston Dynamo,Urruti,Maximiliano,F,"$1,136,127.00","$1,270,146.00",
Houston Dynamo,Valentin,Zarek,D,"$250,000.00","$280,000.00",
Houston Dynamo,Vera,Matias Gabriel,M,"$350,000.00","$356,250.00",
Inter Miami,Acosta,George,M,"$81,375.00","$81,375.00",
Inter Miami,Alvarado,Ventura,D,"$81,375.00","$124,708.00",
Inter Miami,Azcona,Edison,M,"$63,547.00","$63,547.00",
Inter Miami,Callender,Drake,GK,"$120,000.00","$120,000.00",
Inter Miami,Carranza,Julian,F,"$750,000.00","$750,000.00",
Inter Miami,Castanheira,Dylan,GK,"$81,375.00","$81,375.00",
Inter Miami,Chapman,Jay,M,"$167,500.00","$180,333.00",
Inter Miami,De Magalhaes Silva,Gregore,M,"$550,000.00","$651,000.00",
Inter Miami,Figal,Jorge,D,"$600,000.00","$630,000.00",
Inter Miami,Fray,Ian,D,"$63,547.00","$63,547.00",
Inter Miami,Gibbs,Kieran,D,"$120,000.00","$128,167.00",
Inter Miami,Gonzalez Pirez,Leandro,D,"$849,996.00","$1,010,246.00",
Inter Miami,Guediri,Sami,D,"$63,547.00","$63,547.00",
Inter Miami,Higuain,Federico,M-F,"$81,375.00","$81,375.00",
Inter Miami,Higuain,Gonzalo,F,"$5,100,000.00","$5,793,750.00",
Inter Miami,Jones,Joevin,D-M,"$180,000.00","$278,100.00",
Inter Miami,Leerdam,Kelvin,D,"$180,000.00","$297,625.00",
Inter Miami,Makoun,Christian,D-M,"$175,000.00","$175,000.00",
Inter Miami,Marsman,Nick,GK,"$150,000.00","$262,188.00",
Inter Miami,Matuidi,Blaise,M,"$1,500,000.00","$1,500,000.00",
Inter Miami,McCarthy,John,GK,"$130,000.00","$136,583.00",
Inter Miami,Morgan,Lewis,M-F,"$550,000.00","$553,125.00",
Inter Miami,Penn,Josh,M-F,"$63,547.00","$63,547.00",
Inter Miami,Pizarro,Rodolfo,M-F,"$3,050,000.00","$3,350,000.00",
Inter Miami,Quinteros,Jairo,D,"$66,724.00","$66,724.00",
Inter Miami,Robinson,Robbie,F,"$125,000.00","$170,000.00",
Inter Miami,Seagrist,Patrick,D,"$63,547.00","$63,547.00",
Inter Miami,Shawcross,Ryan,D,"$300,000.00","$307,500.00",
Inter Miami,Shea,Brek,M-D,"$135,000.00","$135,000.00",
Inter Miami,Ulloa,Victor,M,"$220,000.00","$220,000.00",
Inter Miami,Valencia,Felipe,F,"$63,547.00","$63,547.00",
Inter Miami,Vassilev,Indiana,F,"$81,375.00","$81,375.00",
LA Galaxy,Acosta,Danilo,D,"$135,000.00","$135,000.00",
LA Galaxy,Aguirre,Daniel,M-F,"$63,547.00","$63,547.00",
LA Galaxy,Alvarez,Efrain,M,"$500,000.00","$612,167.00",
LA Galaxy,Araujo,Julian,D,"$550,000.00","$653,750.00",
LA Galaxy,Bond,Jonathan,GK,"$450,000.00","$501,875.00",
LA Galaxy,Cabral,Kevin,F,"$1,440,000.00","$1,440,000.00",
LA Galaxy,Coulibaly,Sega,D,"$300,000.00","$337,000.00",
LA Galaxy,DePuy,Nick,D,"$81,375.00","$81,375.00",
LA Galaxy,dos Santos,Jonathan,M,"$2,000,000.00","$2,000,000.00",
LA Galaxy,Dunbar,Cameron,F,"$100,000.00","$116,750.00",
LA Galaxy,Esparza-Saldana,Adam,M,"$81,375.00","$87,309.00",
LA Galaxy,Ferkranus,Marcus,D,"$90,000.00","$103,625.00",
LA Galaxy,Fisher,Oniel,D,"$140,000.00","$147,625.00",
LA Galaxy,Gonzalez,Giancarlo,D,"$850,000.00","$850,000.00",
LA Galaxy,Grandsir,Samuel,F-M,"$850,000.00","$938,427.00",
LA Galaxy,Hamalainen,Nicholas,D-M,"$612,500.00","$612,500.00",
LA Galaxy,Harvey,Carlos Miguel,D-M,"$81,375.00","$81,375.00",
LA Galaxy,Hernandez,Javier,F,"$6,000,000.00","$6,000,000.00",
LA Galaxy,Joveljic,Dejan,F,"$612,500.00","$612,500.00",
LA Galaxy,Klinsmann,Jonathan,GK,"$81,375.00","$81,375.00",
LA Galaxy,Kljestan,Sacha,M,"$247,350.00","$247,350.00",
LA Galaxy,Koreniuk,Kai,M-F,"$85,444.00","$85,444.00",
LA Galaxy,Lletget,Sebastian,M,"$800,000.00","$923,750.00",
LA Galaxy,Lopez,Eric,GK,"$81,375.00","$81,375.00",
LA Galaxy,Neal,Jalen,D,"$90,000.00","$103,625.00",
LA Galaxy,Perez,Jonathan,M,"$125,000.00","$146,750.00",
LA Galaxy,Raveloson,Rayan,M,"$780,000.00","$855,025.00",
LA Galaxy,Steres,Daniel,D,"$375,000.00","$393,750.00",
LA Galaxy,Vazquez,Victor,M,"$400,000.00","$439,167.00",
LA Galaxy,Villafaña,Jorge,D,"$450,000.00","$486,667.00",
LA Galaxy,Vom Steeg,Justin,GK,"$85,444.00","$85,444.00",
LA Galaxy,Williams,Derrick,D,"$750,000.00","$821,458.00",
LA Galaxy,Williams,Augustine,F-M,"$63,547.00","$63,547.00",
LA Galaxy,Zubak,Ethan,F,"$130,000.00","$133,125.00",
LAFC,Arango,Cristian,M-F,"$600,000.00","$659,000.00",
LAFC,Atuesta,Eduard,M,"$550,000.00","$1,278,000.00",
LAFC,Blackman,Jamal,GK,"$360,000.00","$409,333.00",
LAFC,Blackmon,Tristan,D,"$193,000.00","$203,000.00",
LAFC,Blessing,Latif,M,"$360,000.00","$376,667.00",
LAFC,Cifuentes,Jose,M,"$367,875.00","$411,750.00",
LAFC,Crisostomo,Daniel,M,"$63,547.00","$63,547.00",
LAFC,Duenas,Erik,D,"$90,444.00","$92,444.00",
LAFC,Duke,Bryce,M,"$90,000.00","$90,000.00",
LAFC,Edwards,Raheem,D-M,"$96,375.00","$96,375.00",
LAFC,Fall,Mamadou,D-M,"$81,375.00","$94,125.00",
LAFC,Farfan,Marco,D,"$190,000.00","$190,000.00",
LAFC,Gaines,Julian,D,"$81,375.00","$83,375.00",
LAFC,Ginella,Francisco,M,"$425,000.00","$547,250.00",
LAFC,Harvey,Jordan,D,"$110,000.00","$110,000.00",
LAFC,Ibeagha,Sebastien,D,"$150,000.00","$177,125.00",
LAFC,Jennings,Cal,F,"$81,375.00","$81,375.00",
LAFC,Leone,Antonio,D-M,"$81,375.00","$83,375.00",
LAFC,Moon-Hwan,Kim,D-M,"$500,000.00","$524,000.00",
LAFC,Murillo,Jesus,D,"$400,000.00","$459,500.00",
LAFC,Musovski,Danny,F,"$85,444.00","$85,444.00",
LAFC,Ngalina,Michee,F,"$81,375.00","$82,875.00",
LAFC,Opoku,Kwadwo,F-M,"$81,375.00","$122,430.00",
LAFC,Palacios,Diego,D,"$432,000.00","$456,000.00",
LAFC,Quezada,Alvaro,D-M,"$63,547.00","$63,547.00",
LAFC,Rodriguez,Brian,F,"$700,000.00","$1,039,800.00",
LAFC,Romero,Tomas,GK,"$81,375.00","$86,375.00",
LAFC,Rossi,Diego,F,"$1,000,000.00","$1,052,000.00",
LAFC,Segura,Eddie,D,"$200,000.00","$224,000.00",
LAFC,Sisniega,Pablo,GK,"$150,000.00","$150,000.00",
LAFC,Torres,Christian,F,"$79,738.00","$90,968.00",
LAFC,Traore,Mohamed,D,"$91,444.00","$91,444.00",
LAFC,Vela,Carlos,F,"$4,500,000.00","$6,300,000.00",
Major League Soccer,Cropper,Cody,GK,"$81,375.00","$84,427.00",
Major League Soccer,Jahn,Adam,F,"$125,000.00","$134,000.00",
Major League Soccer,Lampson,Matt,GK,"$85,444.00","$85,444.00",
Major League Soccer,Mcgree,Riley,M,"$170,000.00","$180,000.00",
Major League Soccer,Opara,Ike,D,"$600,000.00","$685,333.00",
Major League Soccer,Pellegrini,Matias,M-F,"$825,000.00","$920,833.00",
Major League Soccer,Ruiz,Sergio,M,"$300,000.00","$363,000.00",
Major League Soccer,Sobocinksi,Jan,D,"$120,000.00","$146,250.00",
Minnesota United,Adi,Fanendo,F,"$81,375.00","$83,875.00",
Minnesota United,Agudelo,Juan,F,"$200,000.00","$212,500.00",
Minnesota United,Alonso,Osvaldo,M,"$300,000.00","$322,000.00",
Minnesota United,Billingsley,Noah,D,"$66,724.00","$66,724.00",
Minnesota United,Boxall,Michael,D,"$384,000.00","$422,400.00",
Minnesota United,Chacon,Thomas,M-F,"$420,000.00","$432,000.00",
Minnesota United,Dibassy,Bakaye,D,"$625,000.00","$718,125.00",
Minnesota United,Dotson,Hassani,M-D,"$81,375.00","$81,375.00",
Minnesota United,Emmings,Fred,GK,"$66,724.00","$72,724.00",
Minnesota United,Finlay,Ethan,M,"$450,000.00","$450,000.00",
Minnesota United,Fragapane,Franco,M-F,"$135,000.00","$142,500.00",
Minnesota United,Gasper,Chase,D,"$81,375.00","$81,375.00",
Minnesota United,Gregus,Jan,M,"$750,000.00","$883,500.00",
Minnesota United,Hansen,Niko,M,"$110,004.00","$129,004.00",
Minnesota United,Hayes,Jacori,M,"$160,000.00","$169,833.00",
Minnesota United,Hunou,Adrien,F,"$2,350,000.00","$2,587,702.00",
Minnesota United,Jackson,Aziel,M-F,"$63,547.00","$67,444.00",
Minnesota United,Kallman,Brent,D,"$150,000.00","$158,125.00",
Minnesota United,Kibunguchy,Nabilai,F,"$63,547.00","$63,547.00",
Minnesota United,Lod,Robin,M-F,"$849,996.00","$952,496.00",
Minnesota United,McMaster,Justin,F,"$63,547.00","$63,547.00",
Minnesota United,Metanire,Romain,D,"$600,000.00","$699,250.00",
Minnesota United,Miller,Tyler,GK,"$400,000.00","$420,937.00",
Minnesota United,Montgomery,Callum,D,"$81,375.00","$83,292.00",
Minnesota United,Raitala,Jukka,D,"$285,000.00","$306,350.00",
Minnesota United,Reynoso,Emanuel,M,"$750,000.00","$966,910.00",
Minnesota United,Rosales,Joseph,M,"$81,375.00","$81,375.00",
Minnesota United,St. Clair,Dayne,GK,"$95,000.00","$99,520.00",
Minnesota United,Taylor,DJ,M,"$63,547.00","$63,547.00",
Minnesota United,Trapp,Wil,M,"$747,500.00","$747,500.00",
Minnesota United,Weah,Patrick,M-F,"$63,547.00","$76,733.00",
Minnesota United,Zendejas,Adrian,GK,"$81,375.00","$90,208.00",
Montreal,Bassong,Zorhan,D,"$81,375.00","$93,875.00",
Montreal,Bayiha,Clement,M-D,"$85,500.00","$90,875.00",
Montreal,Brault-Guillard,Zachary,D,"$170,000.00","$203,625.00",
Montreal,Breza,Sebastian,GK,"$63,547.00","$63,547.00",
Montreal,Camacho,Rudy,D,"$800,000.00","$851,653.00",
Montreal,Choiniere,Mathieu,M,"$105,000.00","$114,238.00",
Montreal,Ferdinand,Keesean,,"$63,547.00","$73,592.00",
Montreal,Giraldo,Tomas,M,"$66,724.00","$75,481.00",
Montreal,Hamdi,Ahmed,M,"$400,000.00","$497,500.00",
Montreal,Ibrahim,Sunusi,F,"$200,000.00","$291,250.00",
Montreal,Jean-Aniel,Assi,,"$63,547.00","$71,310.00",
Montreal,Johnsen,Bjorn,F,"$900,000.00","$1,036,667.00",
Montreal,Kizza,Mustafa,D,"$150,000.00","$166,800.00",
Montreal,Koné,Ismael,M,"$63,547.00","$66,172.00",
Montreal,Lappalainen,Lassi,M,"$383,657.00","$383,657.00",
Montreal,Maciel,Emanuel,M,"$118,182.00","$129,811.00",
Montreal,Mihailovic,Djordje,M,"$600,000.00","$651,875.00",
Montreal,Milijevic,Matko,M,"$545,455.00","$593,364.00",
Montreal,Miller,Kamal,D,"$85,444.00","$85,444.00",
Montreal,Pantemis,James,GK,"$130,000.00","$145,833.00",
Montreal,Piette,Samuel,M,"$425,000.00","$454,750.00",
Montreal,Quioto,Romell,F,"$800,000.00","$885,000.00",
Montreal,Rea,Sean,,"$63,547.00","$71,730.00",
Montreal,Saliba,Nathan-Dylan,,"$63,547.00","$73,999.00",
Montreal,Sirois,Jonathan,GK,"$66,724.00","$71,167.00",
Montreal,Struna,"Aljaz ""Kiki""",D,"$1,100,000.00","$1,210,000.00",
Montreal,Tabla,Ballou,M,"$250,000.00","$276,250.00",
Montreal,Thorkelsson,Robert,D,"$150,000.00","$173,500.00",
Montreal,Torres,Joaquin,M,"$200,000.00","$249,800.00",
Montreal,Toye,Mason,F,"$175,000.00","$233,000.00",
Montreal,Wanyama,Victor,M,"$2,400,000.00","$3,091,667.00",
Montreal,Waterman,Joel,D,"$81,375.00","$90,284.00",
Montreal,Yao,Karifa,D,"$81,375.00","$85,591.00",
Montreal,Zouhir,Rida,M,"$63,547.00","$71,730.00",
Nashville SC,Accam,David,F,"$975,000.00","$1,102,916.00",
Nashville SC,Anibaba,Jalil,D,"$200,000.00","$200,000.00",
Nashville SC,Anunga,Tah Brian,M,"$81,375.00","$81,375.00",
Nashville SC,Bwana,Handwalla,F-M,"$85,444.00","$85,444.00",
Nashville SC,Cadiz,Jhonder,F,"$855,000.00","$1,023,800.00",
Nashville SC,Castellanos,Robert,D,"$63,547.00","$63,547.00",
Nashville SC,Danladi,Abu,F,"$180,000.00","$237,000.00",
Nashville SC,Donasiyano,Irakoze,M-D,"$63,547.00","$63,547.00",
Nashville SC,Godoy,Anibal,M,"$700,000.00","$771,667.00",
Nashville SC,Haakenson,Luke,M,"$66,724.00","$66,724.00",
Nashville SC,Hinds,Nick,D,"$63,547.00","$63,547.00",
Nashville SC,Johnston,Alistair,M-D,"$73,079.00","$73,079.00",
Nashville SC,Judge,Thomas,D,"$63,547.00","$63,547.00",
Nashville SC,LaGrassa,Matt,M,"$85,444.00","$85,444.00",
Nashville SC,Leal,Randall,F-M,"$420,000.00","$477,750.00",
Nashville SC,Loba,Ake,F,"$1,077,000.00","$1,318,475.00",
Nashville SC,Lovitz,Daniel,D,"$385,000.00","$415,556.00",
Nashville SC,Maher,Jack,D,"$115,000.00","$149,000.00",
Nashville SC,McCarty,Dax,M,"$725,000.00","$725,000.00",
Nashville SC,Meredith,Bryan,GK,"$81,375.00","$87,375.00",
Nashville SC,Miller,Eric,D,"$147,000.00","$147,000.00",
Nashville SC,Mina Nazarit,Miguel,D,"$700,000.00","$894,375.00",
Nashville SC,Mukhtar,Hany,M,"$1,505,000.00","$1,505,000.00",
Nashville SC,Muyl,Alex,M,"$240,000.00","$246,563.00",
Nashville SC,Nealis,Dylan,D,"$100,000.00","$125,000.00",
Nashville SC,Panicco,Elliot,GK,"$81,375.00","$81,375.00",
Nashville SC,Pineiro,Rodrigo,F,"$250,000.00","$347,500.00",
Nashville SC,Rios,Daniel,F,"$140,000.00","$161,500.00",
Nashville SC,Romney,Dave,D,"$225,000.00","$225,000.00",
Nashville SC,Sapong,CJ,F,"$400,000.00","$427,778.00",
Nashville SC,Saunders,Tor,GK,"$63,547.00","$63,547.00",
Nashville SC,Washington,Taylor,D-M,"$89,513.00","$89,513.00",
Nashville SC,Willis,Joe,GK,"$300,000.00","$316,250.00",
Nashville SC,Zimmerman,Walker,D,"$925,000.00","$981,050.00",
New England Revolutio,Bell,Jon,D,"$63,547.00","$63,547.00",
New England Revolutio,Boateng,Emmanuel,M,"$200,000.00","$200,000.00",
New England Revolutio,Bou,Gustavo,M-F,"$2,120,000.00","$2,120,000.00",
New England Revolutio,Buchanan,Tajon,F,"$110,000.00","$121,000.00",
New England Revolutio,Buksa,Adam,F,"$1,000,000.00","$1,106,250.00",
New England Revolutio,Bunbury,Teal,M-F,"$375,000.00","$391,667.00",
New England Revolutio,Bye,Brandon,D,"$170,000.00","$178,875.00",
New England Revolutio,Caicedo,Luis,M,"$350,000.00","$350,000.00",
New England Revolutio,Caldwell,Scott,M,"$205,000.00","$215,896.00",
New England Revolutio,DeLaGarza,AJ,D-M,"$250,000.00","$250,000.00",
New England Revolutio,Edwards,Earl,GK,"$81,375.00","$81,375.00",
New England Revolutio,Farrell,Andrew,D,"$400,000.00","$418,750.00",
New England Revolutio,Gil,Carles,M,"$2,750,000.00","$3,045,833.00",
New England Revolutio,Jones,DeJuan,D-M,"$95,000.00","$99,938.00",
New England Revolutio,Kaptoum,Wilfrid,M,"$500,000.00","$557,500.00",
New England Revolutio,Kessler,Henry,D,"$95,000.00","$115,000.00",
New England Revolutio,Kizza,Edward,F,"$63,547.00","$63,547.00",
New England Revolutio,Knighton,Brad,GK,"$140,000.00","$146,750.00",
New England Revolutio,Maciel Felix,Lucas,M,"$63,547.00","$63,547.00",
New England Revolutio,Mafla,Christian,D-M,"$400,000.00","$495,000.00",
New England Revolutio,McNamara,Thomas,M,"$225,000.00","$225,000.00",
New England Revolutio,Polster,Matt,D-M,"$300,000.00","$328,438.00",
New England Revolutio,Rennicks,Justin,F,"$100,000.00","$110,000.00",
New England Revolutio,Rivera,Damian,M,"$63,547.00","$63,547.00",
New England Revolutio,Traustason,Arnor,M,"$375,000.00","$413,405.00",
New England Revolutio,Turner,Matt,GK,"$375,000.00","$375,000.00",
New England Revolutio,Verfurth,Collin,D,"$81,375.00","$81,375.00",
New York City FC,Acevedo,Nicolas,D-M,"$135,000.00","$151,000.00",
New York City FC,Amundsen,Malte,D,"$240,000.00","$278,700.00",
New York City FC,Araujo dos Santos,Heber,F,"$785,000.00","$788,750.00",
New York City FC,Barraza,Luis,GK,"$81,375.00","$81,375.00",
New York City FC,Callens,Alexander,D,"$700,000.00","$764,000.00",
New York City FC,Castellanos,Valentin,M,"$600,000.00","$776,000.00",
New York City FC,Chanot,Maxime,D,"$785,000.00","$785,000.00",
New York City FC,De Andrade,Thiago,F,"$180,000.00","$199,600.00",
New York City FC,Gloster,Christopher,D,"$197,000.00","$207,000.00",
New York City FC,Gray,Tayvon,D,"$95,000.00","$114,788.00",
New York City FC,Haak,Justin,M,"$81,375.00","$81,375.00",
New York City FC,Jasson,Andres,M,"$63,547.00","$80,691.00",
New York City FC,Johnson,Sean,GK,"$510,000.00","$510,000.00",
New York City FC,Latinovich,Vukashin,D,"$63,547.00","$63,547.00",
New York City FC,Magno,Talles,F,"$950,000.00","$1,198,000.00",
New York City FC,McFarlane,Christian,D,"$63,547.00","$81,803.00",
New York City FC,Medina,Jesus,M,"$1,050,000.00","$1,170,833.00",
New York City FC,Mitrita,Alexandru,F,"$700,000.00","$700,000.00",
New York City FC,Mizell,Cody,GK,"$81,375.00","$81,375.00",
New York City FC,Morales,Alfredo,M,"$600,000.00","$662,250.00",
New York City FC,Moralez,Maxi,M,"$2,500,000.00","$3,285,000.00",
New York City FC,Parks,Keaton,M,"$350,000.00","$350,000.00",
New York City FC,Rocha,Tony,M,"$85,444.00","$85,444.00",
New York City FC,Rodriguez,Santiago,M,"$612,500.00","$612,500.00",
New York City FC,Sands,James,D-M,"$150,000.00","$200,000.00",
New York City FC,Tajouri-Shradi,Ismael,F,"$577,500.00","$618,985.00",
New York City FC,Thorarinson,Gudmundur,D-M,"$400,000.00","$400,000.00",
New York City FC,Tinnerholm,Anton,D,"$600,000.00","$650,000.00",
New York City FC,Torres,Juan Pablo,M,"$90,000.00","$104,500.00",
New York City FC,Zelalem,Gedion,M,"$81,375.00","$81,375.00",
New York Red Bulls,Amaya,Frankie,M,"$150,000.00","$187,000.00",
New York Red Bulls,Barlow,Tom,F,"$81,375.00","$94,526.00",
New York Red Bulls,Carmona,Wikelman,M,"$63,547.00","$66,297.00",
New York Red Bulls,Casseres,Cristian,M,"$205,000.00","$249,000.00",
New York Red Bulls,Clark,Caden,M,"$106,773.00","$143,973.00",
New York Red Bulls,Coronel,Carlos Miguel,GK,"$462,996.00","$512,656.00",
New York Red Bulls,Davis,Sean,M,"$375,000.00","$402,500.00",
New York Red Bulls,Diarra,Youba,M,"$337,000.00","$398,046.00",
New York Red Bulls,Drame,Issiar,D,"$81,375.00","$97,158.00",
New York Red Bulls,Duncan,Kyle,D,"$93,581.00","$93,581.00",
New York Red Bulls,Edwards,Tom,D-M,"$409,911.00","$409,911.00",
New York Red Bulls,Egbo,Mandela,D,"$276,000.00","$310,700.00",
New York Red Bulls,Estrela,Bento,M,"$63,547.00","$87,547.00",
New York Red Bulls,Fernandez,Omir,M,"$115,000.00","$130,000.00",
New York Red Bulls,Gomes,Fabio,F,"$380,000.00","$401,400.00",
New York Red Bulls,Gutman,Andrew,D,"$275,000.00","$306,250.00",
New York Red Bulls,Harper,Cameron,M-F,"$200,000.00","$251,250.00",
New York Red Bulls,Jensen,David,GK,"$324,996.00","$364,631.00",
New York Red Bulls,Jorgensen,Mathias,F,"$325,000.00","$356,250.00",
New York Red Bulls,Klimala,Patryk,F,"$1,000,000.00","$1,135,000.00",
New York Red Bulls,Lewis,Luca,GK,"$63,547.00","$67,147.00",
New York Red Bulls,Long,Aaron,D,"$895,000.00","$925,000.00",
New York Red Bulls,"Marcucci, Jr.",Anthony,GK,"$63,547.00","$63,547.00",
New York Red Bulls,Meara,Ryan,GK,"$270,000.00","$270,000.00",
New York Red Bulls,Monzon,Lucas,D,"$205,000.00","$243,917.00",
New York Red Bulls,Nealis,Sean,D,"$81,375.00","$81,375.00",
New York Red Bulls,Pendant,Jason,D,"$325,000.00","$385,750.00",
New York Red Bulls,Reyes,Andres,D,"$400,000.00","$444,375.00",
New York Red Bulls,Royer,Daniel,M,"$750,000.00","$818,750.00",
New York Red Bulls,Sowe,Omar,F,"$63,547.00","$72,633.00",
New York Red Bulls,Tolkin,John,D,"$81,375.00","$86,375.00",
New York Red Bulls,Yearwood,Dru,M,"$475,000.00","$519,750.00",
Orlando City SC,Aguilera,Raul,M,"$63,547.00","$63,547.00",
Orlando City SC,Aias,Matheus,F,"$252,000.00","$267,500.00",
Orlando City SC,Akindele,Tesho,F,"$275,000.00","$290,000.00",
Orlando City SC,Alvarado,Alexander,F,"$220,000.00","$238,240.00",
Orlando City SC,Bender,Jordan,M,"$63,547.00","$63,547.00",
Orlando City SC,Cunha,Antonio Carlos,D,"$840,000.00","$865,000.00",
Orlando City SC,De Almeida,Ocimar,M,"$700,000.00","$730,000.00",
Orlando City SC,Dezart,Joseph,M,"$66,724.00","$66,724.00",
Orlando City SC,Dike,Daryl,F,"$100,000.00","$128,750.00",
Orlando City SC,Dodson,Derek,F,"$63,547.00","$63,547.00",
Orlando City SC,Gallese,Pedro,GK,"$410,000.00","$410,000.00",
Orlando City SC,Grinwis,Adam,GK,"$81,375.00","$81,375.00",
Orlando City SC,Halliday,Michael,D,"$85,444.00","$95,089.00",
Orlando City SC,Hope-Gund,Rio,D,"$63,547.00","$63,547.00",
Orlando City SC,Jansson,Robin,D,"$500,000.00","$556,250.00",
Orlando City SC,Loera,David,M,"$100,000.00","$102,500.00",
Orlando City SC,Mas,Emmanuel,D,"$252,000.00","$282,000.00",
Orlando City SC,Méndez,Jhegson Sebastián,M,"$550,000.00","$586,750.00",
Orlando City SC,Michel,Benji,F,"$109,250.00","$115,553.00",
Orlando City SC,Moutinho,Joao,D,"$180,000.00","$223,000.00",
Orlando City SC,Mueller,Chris,M,"$123,715.00","$137,465.00",
Orlando City SC,Nani,Luis,F,"$2,333,333.00","$2,486,250.00",
Orlando City SC,Pato,Alexandre,F,"$272,727.00","$272,727.00",
Orlando City SC,Perea,Andres,M,"$180,000.00","$188,500.00",
Orlando City SC,Pereyra,Mauricio,M,"$1,800,000.00","$1,848,000.00",
Orlando City SC,Rivera,Wilfredo,,"$63,547.00","$63,547.00",
Orlando City SC,Rosell,Oriol,M,"$475,000.00","$475,000.00",
Orlando City SC,Schlegel,Rodrigo,D,"$120,000.00","$127,425.00",
Orlando City SC,Smith,Kyle,D,"$105,996.00","$118,660.00",
Orlando City SC,Stajduhar,Mason,GK,"$85,444.00","$85,444.00",
Orlando City SC,Teixeira,Ruan,D,"$190,000.00","$190,000.00",
Orlando City SC,Van der Water,Silvester,F,"$300,000.00","$325,750.00",
Orlando City SC,Williams,Thomas,,"$63,547.00","$70,077.00",
Philadelphia Union,Aaronson,Paxten,M,"$87,500.00","$91,500.00",
Philadelphia Union,Alvarenga de Oliveira,Matheus,M-F,"$240,000.00","$253,000.00",
Philadelphia Union,Bedoya,Alejandro,M,"$810,000.00","$1,023,333.00",
Philadelphia Union,Bendik,Joe,GK,"$200,000.00","$200,000.00",
Philadelphia Union,Blake,Andre,GK,"$600,000.00","$650,000.00",
Philadelphia Union,Bueno,Jesus,M,"$81,375.00","$96,753.00",
Philadelphia Union,Burke,Cory,F,"$350,000.00","$400,770.00",
Philadelphia Union,Collin,Aurelien,D,"$81,375.00","$81,375.00",
Philadelphia Union,Craig,Brandan,M,"$65,000.00","$77,825.00",
Philadelphia Union,De Vries,Jack,M,"$120,000.00","$135,556.00",
Philadelphia Union,Elliott,Jack,D,"$325,000.00","$340,000.00",
Philadelphia Union,Findlay,Stuart,D,"$425,000.00","$425,000.00",
Philadelphia Union,Flach,Leon,M,"$210,000.00","$223,750.00",
Philadelphia Union,Fontana,Anthony,M,"$100,008.00","$108,426.00",
Philadelphia Union,Freese,Matt,GK,"$96,750.00","$115,500.00",
Philadelphia Union,Gazdag,Daniel,M-F,"$300,000.00","$336,250.00",
Philadelphia Union,Glesnes,Jakob,D,"$425,000.00","$448,125.00",
Philadelphia Union,Harriel,Nathan,D,"$70,000.00","$87,500.00",
Philadelphia Union,Martinez,Jose Andres,M,"$225,000.00","$251,250.00",
Philadelphia Union,Mbaizo,Olivier,D,"$89,513.00","$89,513.00",
Philadelphia Union,McGlynn,Jack,M,"$64,992.00","$78,892.00",
Philadelphia Union,Miscic,Selmir,M,"$63,547.00","$70,026.00",
Philadelphia Union,Monteiro,Jamiro,M,"$1,300,000.00","$1,476,250.00",
Philadelphia Union,Oravec,Matej,M,"$270,000.00","$284,500.00",
Philadelphia Union,Portella,Gino,,"$63,547.00","$71,615.00",
Philadelphia Union,Powell,Alvas,D,"$81,375.00","$88,875.00",
Philadelphia Union,Przybylko,Kacper,F,"$825,000.00","$916,250.00",
Philadelphia Union,Ranjitsingh,Gregory,GK,"$81,375.00","$81,375.00",
Philadelphia Union,Real,Matthew,D,"$90,000.00","$90,000.00",
Philadelphia Union,Santos,Sergio,F,"$660,000.00","$728,500.00",
Philadelphia Union,Sorenson,Anthony,M,"$63,547.00","$66,547.00",
Philadelphia Union,Sullivan,Quinn,M,"$63,547.00","$67,047.00",
Philadelphia Union,Turner,Cole,M,"$85,444.00","$88,444.00",
Philadelphia Union,Wagner,Kai,D,"$450,000.00","$521,000.00",
Philadelphia Union,,Ilsinho,M,"$450,000.00","$501,250.00",
Portland Timbers,Asprilla,Dairon,M-F,"$275,000.00","$277,500.00",
Portland Timbers,Attinella,Jeff,GK,"$108,000.00","$114,125.00",
Portland Timbers,Bingham,David,GK,"$81,375.00","$81,375.00",
Portland Timbers,Blanco,Sebastian,M-F,"$2,200,000.00","$2,313,333.00",
Portland Timbers,Bodily,Blake,M,"$67,360.00","$67,360.00",
Portland Timbers,Bonilla,Pablo,D,"$85,444.00","$85,444.00",
Portland Timbers,Bravo,Claudio,D,"$300,000.00","$323,310.00",
Portland Timbers,Chara,Diego,M,"$650,000.00","$668,750.00",
Portland Timbers,Chara,Yimmi,M,"$1,200,000.00","$1,503,000.00",
Portland Timbers,Clark,Steve,GK,"$250,000.00","$250,000.00",
Portland Timbers,Fochive,George,M,"$240,000.00","$240,000.00",
Portland Timbers,Gonzalez,Jorge,M,"$63,547.00","$63,547.00",
Portland Timbers,Ivacic,Aljaz,GK,"$225,000.00","$235,000.00",
Portland Timbers,Jome,Ismaila,D,"$81,375.00","$81,375.00",
Portland Timbers,Loría,Marvin,M,"$81,375.00","$81,375.00",
Portland Timbers,Mabiala,Larrys,D,"$450,000.00","$450,000.00",
Portland Timbers,McGraw,Zac,D,"$66,724.00","$66,724.00",
Portland Timbers,Mora,Felipe,F,"$825,000.00","$905,000.00",
Portland Timbers,Moreno,Santiago,F,"$250,000.00","$294,576.00",
Portland Timbers,Niezgoda,Jaroslaw,F,"$739,500.00","$908,758.00",
Portland Timbers,Paredes,Cristhian,M,"$252,000.00","$283,500.00",
Portland Timbers,Polo,Andy,M,"$500,000.00","$500,000.00",
Portland Timbers,Sulte,Hunter,GK,"$63,547.00","$68,143.00",
Portland Timbers,Tuiloma,Bill,D-M,"$220,000.00","$234,125.00",
Portland Timbers,Valeri,Diego,M,"$765,000.00","$914,875.00",
Portland Timbers,Van Rankin,Jose,D-M,"$105,255.00","$105,255.00",
Portland Timbers,Williamson,Eryk,M,"$220,000.00","$236,500.00",
Portland Timbers,Zambrano,Renzo,M,"$85,444.00","$85,444.00",
Portland Timbers,Zuparic,Dario,D,"$525,000.00","$541,667.00",
Real Salt Lake,Besler,Nick,M,"$167,500.00","$167,500.00",
Real Salt Lake,Brody,Andrew,M,"$81,375.00","$85,208.00",
Real Salt Lake,Chang,Maikel,M,"$85,444.00","$85,444.00",
Real Salt Lake,Datkovic,Toni,D,"$420,000.00","$468,175.00",
Real Salt Lake,Davis,Bode,M-F,"$63,547.00","$67,841.00",
Real Salt Lake,Dewsnup,Jeffrey,GK,"$63,547.00","$73,372.00",
Real Salt Lake,Farnsworth,Zackery,D,"$81,375.00","$96,125.00",
Real Salt Lake,Garcia,Chris,F,"$85,444.00","$89,744.00",
Real Salt Lake,Glad,Justen,D,"$600,000.00","$660,031.00",
Real Salt Lake,Halsey,Bret,D,"$81,375.00","$88,875.00",
Real Salt Lake,Herrera,Aaron,D,"$315,000.00","$343,794.00",
Real Salt Lake,Holt,Erik,D,"$90,000.00","$90,000.00",
Real Salt Lake,Iloski,Milan,F,"$120,000.00","$121,500.00",
Real Salt Lake,Julio,Anderson,F-M,"$402,000.00","$485,875.00",
Real Salt Lake,Kreilach,Damir,M,"$1,200,000.00","$1,350,000.00",
Real Salt Lake,Luiz,Everton,M,"$1,160,000.00","$1,260,000.00",
Real Salt Lake,MacMath,Zac,GK,"$200,000.00","$200,000.00",
Real Salt Lake,Martinez,Doug,F,"$81,375.00","$81,375.00",
Real Salt Lake,Menendez,Jonathan,M-F,"$500,000.00","$602,813.00",
Real Salt Lake,Meram,Justin,M,"$500,000.00","$500,000.00",
Real Salt Lake,Morgan,Ashtone,D,"$132,000.00","$132,000.00",
Real Salt Lake,Ochoa,David,GK,"$90,000.00","$90,000.00",
Real Salt Lake,Portillo,Justin,M,"$85,444.00","$85,444.00",
Real Salt Lake,Powder,Noah,D,"$63,547.00","$67,609.00",
Real Salt Lake,Putna,Andrew,GK,"$140,000.00","$153,458.00",
Real Salt Lake,Ramirez Chacon,Jeizon,M,"$360,000.00","$401,250.00",
Real Salt Lake,Rubin,Rubio,F,"$135,000.00","$152,067.00",
Real Salt Lake,Ruiz,Pablo,M,"$375,000.00","$448,500.00",
Real Salt Lake,Rusnak,Albert,M,"$2,150,000.00","$2,351,667.00",
Real Salt Lake,Schmitt,Tate,F,"$90,000.00","$90,000.00",
Real Salt Lake,Silva,Marcelo,D,"$550,000.00","$596,667.00",
Real Salt Lake,Toia,Donny,D,"$200,000.00","$205,000.00",
Real Salt Lake,Wood,Bobby,F,"$875,000.00","$968,161.00",
San Jose Earthquakes,Abecasis,Luciano,D,"$380,000.00","$394,000.00",
San Jose Earthquakes,Akanyirige,Jacob,D,"$105,000.00","$107,000.00",
San Jose Earthquakes,Alanis,Oswaldo,D,"$630,000.00","$730,000.00",
San Jose Earthquakes,Asomani,George,M,"$63,547.00","$63,547.00",
San Jose Earthquakes,Beason,Tanner,D,"$90,000.00","$110,000.00",
San Jose Earthquakes,Bersano,Matt,GK,"$106,375.00","$106,375.00",
San Jose Earthquakes,Calvillo,Eric,M,"$170,000.00","$188,000.00",
San Jose Earthquakes,Cardoso,Nathan,D,"$600,000.00","$641,250.00",
San Jose Earthquakes,Cowell,Cade,F,"$120,000.00","$130,000.00",
San Jose Earthquakes,Ebobisse,Jeremy,F,"$600,000.00","$691,250.00",
San Jose Earthquakes,Espinoza,Cristian,F,"$1,150,000.00","$1,265,000.00",
San Jose Earthquakes,Fierro,Carlos,F,"$850,000.00","$908,800.00",
San Jose Earthquakes,Fuentes,Gilbert,M,"$160,000.00","$178,750.00",
San Jose Earthquakes,Haji,Siad,F,"$95,000.00","$104,000.00",
San Jose Earthquakes,Kikanovic,Benjamin,F,"$63,547.00","$69,322.00",
San Jose Earthquakes,Lopez,Marcos,D,"$330,000.00","$370,250.00",
San Jose Earthquakes,Lopez Ramirez,Javier,F,"$860,000.00","$860,000.00",
San Jose Earthquakes,Marcinkowski,JT,GK,"$165,000.00","$177,000.00",
San Jose Earthquakes,Marie,Paul,D,"$81,375.00","$87,908.00",
San Jose Earthquakes,Ochoa,Emmanuel,GK,"$65,000.00","$75,080.00",
San Jose Earthquakes,Remedi,Eric,M,"$450,000.00","$450,000.00",
San Jose Earthquakes,Rios,Andres,F,"$870,000.00","$939,250.00",
San Jose Earthquakes,Salinas,Shea,F,"$280,000.00","$280,000.00",
San Jose Earthquakes,Skahan,Jack,M,"$66,724.00","$66,724.00",
San Jose Earthquakes,Thompson,Tommy,D,"$265,000.00","$265,000.00",
San Jose Earthquakes,Vega,Daniel,GK,"$220,000.00","$225,000.00",
San Jose Earthquakes,Walls,Casey,D,"$85,000.00","$88,000.00",
San Jose Earthquakes,Williamson,Tommy,F,"$63,547.00","$63,547.00",
San Jose Earthquakes,Wondolowski,Chris,F,"$390,000.00","$400,000.00",
San Jose Earthquakes,Yueill,Jackson,M,"$600,000.00","$636,875.00",
San Jose Earthquakes,,Judson,M,"$360,000.00","$365,000.00",
Seattle Sounders FC,Arreaga,Xavier,D,"$393,600.00","$500,850.00",
Seattle Sounders FC,Atencio,Joshua,M,"$63,547.00","$68,161.00",
Seattle Sounders FC,Baker-Whiting,Reed,M,"$63,547.00","$83,547.00",
Seattle Sounders FC,Benezet,Nicolas,M,"$650,000.00","$650,000.00",
Seattle Sounders FC,Bruin,Will,F,"$450,000.00","$458,333.00",
Seattle Sounders FC,Chu,Leonardo,M-F,"$540,000.00","$540,000.00",
Seattle Sounders FC,Cissoko,Abdoulaye,D,"$63,547.00","$63,547.00",
Seattle Sounders FC,Cleveland,Stefan,GK,"$96,375.00","$96,375.00",
Seattle Sounders FC,Delem,Jordy,M-D,"$175,000.00","$194,000.00",
Seattle Sounders FC,Dobbelaere,Ethan,M,"$67,360.00","$81,360.00",
Seattle Sounders FC,Frei,Stefan,GK,"$500,000.00","$500,000.00",
Seattle Sounders FC,Gomez Andrade,Yeimar,D,"$300,000.00","$387,000.00",
Seattle Sounders FC,Hopeau,Shandon,M,"$66,724.00","$74,360.00",
Seattle Sounders FC,Leyva,Danny,M,"$81,375.00","$100,798.00",
Seattle Sounders FC,Lodeiro,Nicolas,M,"$2,120,000.00","$2,736,667.00",
Seattle Sounders FC,Medranda,Jimmy,M-D,"$180,000.00","$190,000.00",
Seattle Sounders FC,Mior,Joao Paulo,M,"$1,000,000.00","$1,050,000.00",
Seattle Sounders FC,Montero,Fredy,F,"$81,375.00","$81,375.00",
Seattle Sounders FC,Morris,Jordan,F,"$1,150,000.00","$1,270,100.00",
Seattle Sounders FC,Muse,Trey,GK,"$81,375.00","$90,125.00",
Seattle Sounders FC,O'Neill,Shane,D,"$115,000.00","$115,000.00",
Seattle Sounders FC,Ocampo-Chavez,Alfonso,F,"$81,375.00","$95,875.00",
Seattle Sounders FC,Richey,Spencer,GK,"$81,375.00","$81,375.00",
Seattle Sounders FC,Roldan,Cristian,M,"$760,000.00","$881,542.00",
Seattle Sounders FC,Roldan,Alex,M-D,"$93,581.00","$93,581.00",
Seattle Sounders FC,Rowe,Kelyn,M-D,"$180,000.00","$180,000.00",
Seattle Sounders FC,Ruidiaz,Raul,F,"$2,100,000.00","$2,100,000.00",
Seattle Sounders FC,Smith,Brad,D,"$525,000.00","$566,250.00",
Seattle Sounders FC,Thomas,Andrew,GK,"$81,375.00","$88,875.00",
Seattle Sounders FC,Tolo,Nouhou,D,"$125,000.00","$169,274.00",
Sporting Kansas City,Banks Barber,Grayson,F,"$63,547.00","$67,297.00",
Sporting Kansas City,Cisneros,Osvaldo,F,"$63,547.00","$66,547.00",
Sporting Kansas City,Davis,Jacob,M,"$63,547.00","$63,547.00",
Sporting Kansas City,Dia,Amadou,D,"$135,000.00","$135,000.00",
Sporting Kansas City,Duke,Cameron,M,"$81,375.00","$84,375.00",
Sporting Kansas City,Espinoza,Roger,M,"$500,000.00","$500,000.00",
Sporting Kansas City,Fontas,Andreu,D,"$1,125,000.00","$1,125,000.00",
Sporting Kansas City,Freeman,Tyler,F,"$95,000.00","$97,500.00",
Sporting Kansas City,Harris,Wilson,F,"$67,360.00","$71,212.00",
Sporting Kansas City,Hernandez,Felipe,M,"$81,375.00","$81,375.00",
Sporting Kansas City,Isimat-Mirin,Nicolas,D,"$950,000.00","$1,028,124.00",
Sporting Kansas City,Kinda,Gadi,M,"$850,000.00","$918,000.00",
Sporting Kansas City,Lindsey,Jaylin,D,"$91,547.00","$94,547.00",
Sporting Kansas City,Martins,Luis,D,"$340,000.00","$340,000.00",
Sporting Kansas City,Mauri,Jose,M,"$660,000.00","$660,000.00",
Sporting Kansas City,McIntosh,Kendall,GK,"$96,375.00","$96,375.00",
Sporting Kansas City,Melia,Tim,GK,"$500,000.00","$504,167.00",
Sporting Kansas City,Pierre,Kayden,D,"$63,547.00","$68,647.00",
Sporting Kansas City,Pulido Izaguirre,Alan,F,"$2,200,000.00","$2,200,000.00",
Sporting Kansas City,Pulskamp,John,GK,"$67,360.00","$69,860.00",
Sporting Kansas City,Puncec,Roberto,D,"$575,000.00","$575,000.00",
Sporting Kansas City,Rad,Kaveh,D,"$63,547.00","$63,547.00",
Sporting Kansas City,Russell,Johnny,F,"$1,600,000.00","$1,600,000.00",
Sporting Kansas City,Salloi,Daniel,F,"$400,000.00","$456,667.00",
Sporting Kansas City,Sanchez,Ilie,M,"$1,000,000.00","$1,000,000.00",
Sporting Kansas City,Shelton,Khiry,F,"$650,000.00","$650,000.00",
Sporting Kansas City,Smith,Graham,D,"$85,444.00","$85,444.00",
Sporting Kansas City,Thompson,Brooks,GK,"$63,547.00","$63,547.00",
Sporting Kansas City,Walter,Remi,M,"$650,000.00","$650,000.00",
Sporting Kansas City,Zusi,Graham,D,"$650,000.00","$713,333.00",
Toronto FC,Achara,Ifunanyachi,M,"$66,724.00","$66,724.00",
Toronto FC,Akinola,Ayo,F,"$89,513.00","$157,513.00",
Toronto FC,Altidore,Jozy,F,"$2,161,250.00","$3,602,250.00",
Toronto FC,Bono,Alex,GK,"$450,000.00","$482,000.00",
Toronto FC,Bradley,Michael,M,"$1,500,000.00","$1,500,000.00",
Toronto FC,DeLeon,Nick,D-M,"$247,500.00","$263,242.00",
Toronto FC,Delgado,"Marco ""Marky""",M,"$500,000.00","$581,250.00",
Toronto FC,Dunn,Julian,D,"$85,444.00","$85,444.00",
Toronto FC,Dwyer,Dom,F,"$81,375.00","$81,375.00",
Toronto FC,Endoh,Tsubasa,M,"$100,000.00","$105,333.00",
Toronto FC,Gallardo,Erickson,M,"$300,000.00","$331,913.00",
Toronto FC,Gonzalez,Omar,D,"$780,000.00","$1,055,936.00",
Toronto FC,Laryea,Richie,M,"$200,000.00","$226,953.00",
Toronto FC,Lawrence,Kemar,D,"$258,000.00","$340,500.00",
Toronto FC,Marshall-Rutty,Jahkeele,F,"$100,000.00","$106,842.00",
Toronto FC,Mavinga,Chris,D,"$850,000.00","$887,500.00",
Toronto FC,Morrow,Justin,D,"$125,000.00","$125,000.00",
Toronto FC,Mullins,Patrick,F,"$234,996.00","$248,329.00",
Toronto FC,Nelson,Jayden,F,"$100,000.00","$106,586.00",
Toronto FC,Okello,Noble,M,"$100,000.00","$111,815.00",
Toronto FC,Osorio,Jonathan,M,"$850,000.00","$876,250.00",
Toronto FC,Perruzza,Jordan,F,"$63,547.00","$67,847.00",
Toronto FC,Pozuelo,Alejandro,M,"$3,800,000.00","$4,693,000.00",
Toronto FC,Priso,Ralph,M,"$66,724.00","$70,476.00",
Toronto FC,Romeo,"Antonio ""Rocco""",D,"$81,250.00","$84,641.00",
Toronto FC,Shaffelburg,Jacob,M-F,"$110,000.00","$116,500.00",
Toronto FC,Silva,Kevin,GK,"$66,724.00","$66,724.00",
Toronto FC,Singh,Luke,D,"$63,547.00","$71,513.00",
Toronto FC,Soteldo,Yeferson,F,"$1,500,000.00","$1,965,000.00",
Toronto FC,Westberg,Quentin,GK,"$275,000.00","$288,583.00",
Toronto FC,Zavaleta,Eriq,D,"$81,375.00","$115,503.00",
Toronto FC,,Auro,D,"$360,000.00","$388,750.00",
Vancouver Whitecaps,Bair,Thelonius,F,"$81,375.00","$81,375.00",
Vancouver Whitecaps,Baldisimo,Michael,M,"$89,513.00","$91,275.00",
Vancouver Whitecaps,Bikel,Janio,M,"$350,000.00","$388,750.00",
Vancouver Whitecaps,Boehmer,Isaac,GK,"$66,724.00","$66,724.00",
Vancouver Whitecaps,Brown,Javain,D,"$63,547.00","$63,547.00",
Vancouver Whitecaps,Caicedo,Deiber,M-F,"$300,000.00","$331,125.00",
Vancouver Whitecaps,Campagna,Matteo,D-M,"$63,547.00","$72,559.00",
Vancouver Whitecaps,Cavallini,Lucas,F,"$1,100,000.00","$1,362,500.00",
Vancouver Whitecaps,Colyn,Simon,M,"$81,375.00","$81,375.00",
Vancouver Whitecaps,Cornelius,Derek,D,"$127,050.00","$127,050.00",
Vancouver Whitecaps,Crepeau,Maxime,GK,"$250,000.00","$277,500.00",
Vancouver Whitecaps,Dajome,Cristian,F,"$400,000.00","$447,917.00",
Vancouver Whitecaps,Egbo,David,F,"$63,547.00","$63,547.00",
Vancouver Whitecaps,Facchineri,Gianfranco,D,"$66,724.00","$68,724.00",
Vancouver Whitecaps,Gaspar,Bruno,D,"$200,000.00","$233,333.00",
Vancouver Whitecaps,Gauld,Ryan,M,"$1,920,000.00","$2,025,000.00",
Vancouver Whitecaps,Godinho,Marcus,D,"$81,375.00","$84,375.00",
Vancouver Whitecaps,Godoy,Erik,D,"$450,000.00","$450,000.00",
Vancouver Whitecaps,Gutierrez,Cristian,D,"$150,000.00","$167,500.00",
Vancouver Whitecaps,Habibullah,Kamron,M-F,"$63,547.00","$74,429.00",
Vancouver Whitecaps,Hasal,Thomas,GK,"$81,375.00","$81,375.00",
Vancouver Whitecaps,Jungwirth,Florian,D-M,"$525,000.00","$567,667.00",
Vancouver Whitecaps,Khmiri,Jasser,D,"$240,000.00","$240,000.00",
Vancouver Whitecaps,Metcalfe,Patrick,M,"$66,724.00","$66,724.00",
Vancouver Whitecaps,Nerwinski,Jake,D,"$255,000.00","$270,000.00",
Vancouver Whitecaps,Newton,Evan,GK,"$95,000.00","$104,802.00",
Vancouver Whitecaps,Owusu,Leonard,M,"$350,000.00","$401,250.00",
Vancouver Whitecaps,Pecile,Damiano,M,"$66,724.00","$72,818.00",
Vancouver Whitecaps,Raposo,Ryan,M,"$90,000.00","$104,000.00",
Vancouver Whitecaps,Ricketts,Tosaint,F,"$160,000.00","$165,000.00",
Vancouver Whitecaps,Rose,Andy,M,"$132,000.00","$132,000.00",
Vancouver Whitecaps,Sousa e Silva,Caio Alexandre,M,"$500,000.00","$539,583.00",
Vancouver Whitecaps,Teibert,Russell,M,"$350,000.00","$387,500.00",
Vancouver Whitecaps,Veselinovic,Ranko,D,"$360,000.00","$445,500.00",
Vancouver Whitecaps,Vite,Pedro,M,"$556,000.00","$609,997.00",
Vancouver Whitecaps,White,Brian,F,"$216,000.00","$216,000.00",
