New York Red Bulls,Abang,Anatole,F,$,"68,927.00",$,"68,927.00"
New York City FC,Abdul-Salaam,Saad,D,$,"106,480.00",$,"120,230.00"
Columbus Crew,Abu,Mohammed,M,$,"175,008.00",$,"181,258.00"
Columbus Crew,Abubakar,Lalas,D,$,"68,250.04",$,"75,750.04"
Philadelphia Union,Accam,David,F-M,$,"1,250,000.04",$,"1,250,000.04"
Colorado Rapids,Acosta,Kellyn,M,$,"280,000.00",$,"300,000.00"
DC United,Acosta,Luciano,F-M,$,"550,000.00",$,"652,000.00"
Real Salt Lake,Acosta,Danilo,M,$,"100,000.00",$,"100,000.00"
Chicago Fire,Adams,Mohammed,M,$,"90,000.00",$,"125,000.00"
New York Red Bulls,Adams,Tyler,M,$,"100,000.00",$,"146,041.67"
FC Cincinnati,Adi,Fanendo,F,$,"1,275,000.00",$,"1,933,333.33"
Colorado Rapids,Adjei-Boateng,Nana,M,$,"320,004.00",$,"361,250.00"
San Jose Earthquakes,Affolter,Francois,D,$,"200,000.04",$,"232,650.04"
Columbus Crew,Afful,Harrison,D,$,"288,099.96",$,"363,799.96"
New England Revolution,Agudelo,Juan,F,$,"575,000.00",$,"602,500.00"
FC Dallas,Aguilar,Abel,M,$,"272,727.24",$,"328,127.24"
Vancouver Whitecaps,Aja,Jose,D,$,"240,000.00",$,"240,000.00"
San Jose Earthquakes,Akanyirige,Jacob,D,$,"54,500.04",$,"56,500.04"
Toronto FC,Aketxe Barrutia,Ager,M,$,"1,190,000.04",$,"1,295,000.04"
FC Dallas,Akindele,Tesho,F-M,$,"105,000.00",$,"122,500.00"
Toronto FC,Akinola,Ayo,F,$,"54,504.00",$,"140,504.00"
FC Cincinnati,Alashe,Fatai,M,$,"107,992.50",$,"124,242.50"
LA Galaxy,Alessandrini,Romain,M,$,"1,539,996.00",$,"1,869,996.00"
Houston Dynamo,Alexander,Eric,M,$,"260,004.00",$,"260,004.00"
Seattle Sounders FC,Alfaro,Tony,D,$,"67,500.00",$,"67,500.00"
Orlando City SC,Allen,RJ,D,$,"90,000.00",$,"90,000.00"
Real Salt Lake,Allen,Jordan,M,$,"225,000.00",$,"225,000.00"
Atlanta United,Almiron,Miguel,M,$,"1,912,500.00",$,"2,297,000.00"
Seattle Sounders FC,Alonso,Osvaldo,M,$,"1,100,000.04",$,"1,141,667.04"
Toronto FC,Altidore,Jozy,F,$,"5,000,000.00",$,"5,000,000.00"
Houston Dynamo,Alvarez,Arturo,M,$,"150,000.00",$,"157,500.00"
LA Galaxy,Alvarez,Efrain,M,$,"67,500.00",$,"72,233.84"
Philadelphia Union,Alves Macedo,Fabinho,D,$,"153,000.00",$,"153,000.00"
New York City FC,Amagat,Eloi,M,$,"240,000.00",$,"261,250.00"
Montreal Impact,Amarikwa,Quincy,F,$,"275,500.00",$,"289,166.67"
Atlanta United,Ambrose,Mikey,D,$,"68,906.25",$,"68,906.25"
DC United,Andriuskevicius,Vytautas,D,$,"250,000.00",$,"271,875.00"
New England Revolution,Angking,Isaac,M,$,"67,500.00",$,"72,500.00"
New England Revolution,Anibaba,Jalil,D,$,"90,000.00",$,"90,000.00"
FC Dallas,Aranguiz,Pablo,M,$,"399,999.96",$,"459,999.96"
Portland Timbers,Arboleda,Victor,F-M,$,"54,499.92",$,"54,499.92"
LA Galaxy,Arellano,Hugo,D,$,"75,000.00",$,"82,573.75"
Columbus Crew,Argudo,Luis,M,$,"54,500.04",$,"54,500.04"
Portland Timbers,Armenteros,Samuel,F,$,"600,000.00",$,"608,333.33"
DC United,Arriola,Paul,M,$,"624,999.96",$,"663,999.96"
DC United,Asad,Yamil,M,$,"436,363.56",$,"520,522.65"
Orlando City SC,Ascues,Carlos,D,$,"360,000.00",$,"391,500.00"
Portland Timbers,Asprilla,Dairon,F-M,$,"180,000.00",$,"193,750.00"
Portland Timbers,Attinella,Jeff,GK,$,"114,999.96",$,"123,999.96"
FC Dallas,Atuahene,Francis,F,$,"124,999.92",$,"168,999.92"
LAFC,Atuesta,Eduard,M,$,"450,000.00",$,"468,000.00"
Toronto FC,Auro,,D,$,"200,004.00",$,"272,504.00"
New York City FC,Awuah,Kwame,D-M,$,"55,654.20",$,"55,654.20"
Montreal Impact,Azira,Michael,M,$,"125,000.00",$,"131,625.00"
FC Dallas,Badji,Dominique,F,$,"162,500.04",$,"168,750.04"
Real Salt Lake,Baird,Corey,F,$,"54,504.00",$,"54,504.00"
Toronto FC,Bakero,Jon,F,$,"84,999.96",$,"101,374.96"
Vancouver Whitecaps,Baldisimo,Michael,M,$,"54,500.04",$,"116,471.59"
Atlanta United,Barco,Ezequiel,M,$,"1,425,000.00",$,"1,425,000.00"
Portland Timbers,Barmby,Jack,M,$,"68,256.00",$,"68,256.00"
Colorado Rapids,Barnes,Giles,F-M,$,"200,000.04",$,"200,000.04"
FC Dallas,Barrios,Michael,M,$,"400,000.08",$,"400,000.08"
Real Salt Lake,Barry,Shawn,D,$,"131,250.00",$,"131,250.00"
Colorado Rapids,Bassett,Cole,M,$,"60,000.00",$,"69,000.00"
Houston Dynamo,Beasley,DaMarcus,D,$,"275,004.00",$,"275,004.00"
Montreal Impact,Beaulieu,Jason,GK,$,"54,500.04",$,"54,500.04"
Real Salt Lake,Beckerman,Kyle,M,$,"505,008.00",$,"530,008.00"
New York City FC,Bedoya,Daniel,M,$,"54,500.04",$,"54,500.04"
Philadelphia Union,Bedoya,Alejandro,M,$,"1,200,000.00",$,"1,266,250.00"
LAFC,Beitashour,Steven,D,$,"275,000.04",$,"298,375.04"
Montreal Impact,Beland-Goyette,Louis,M,$,"54,500.00",$,"55,750.00"
Atlanta United,Bello,George,D,$,"67,500.00",$,"71,500.00"
Sporting Kansas City,Belmar,Kharlton,F,$,"68,254.20",$,"68,254.20"
Real Salt Lake,Beltran,Tony,D,$,"230,000.00",$,"240,950.00"
Orlando City SC,Bendik,Joe,GK,$,"180,000.00",$,"189,083.40"
New York City FC,Berget,Jo Inge,F,$,"600,000.00",$,"816,666.67"
San Jose Earthquakes,Bersano,Matt,GK,$,"68,254.20",$,"68,254.20"
Real Salt Lake,Besler,Nick,M,$,"67,500.00",$,"67,500.00"
Sporting Kansas City,Besler,Matt,D,$,"750,000.00",$,"783,250.00"
Vancouver Whitecaps,Bevan,Myer,F,$,"54,500.04",$,"54,500.04"
New York Red Bulls,Bezecourt,Vincent,M,$,"67,500.00",$,"69,921.40"
LA Galaxy,Bingham,David,GK,$,"275,000.04",$,"275,000.04"
Houston Dynamo,Bird,Eric,M,$,"67,500.00",$,"67,500.00"
DC United,Birnbaum,Steven,D,$,"500,004.00",$,"525,004.00"
LAFC,Blackmon,Tristan,D,$,"67,500.00",$,"70,233.92"
Philadelphia Union,Blake,Andre,GK,$,"450,000.00",$,"500,000.00"
Portland Timbers,Blanco,Sebastian,M,$,"1,300,008.00",$,"1,375,008.00"
LAFC,Blessing,Latif,F,$,"75,000.00",$,"84,375.00"
Colorado Rapids,Blomberg,Johan,M,$,"239,808.00",$,"239,808.00"
Vancouver Whitecaps,Blondell,Anthony,F,$,"249,999.96",$,"295,203.21"
LA Galaxy,Boateng,Emmanuel,F,$,"130,000.00",$,"130,000.00"
Colorado Rapids,Boli,Yannick,F,$,"774,999.96",$,"907,499.96"
Toronto FC,Bono,Alex,GK,$,"132,000.00",$,"164,000.00"
Minnesota United,Boxall,Michael,D,$,"250,008.00",$,"267,341.33"
Toronto FC,Bradley,Michael,M,$,"6,000,000.00",$,"6,500,000.00"
LAFC,Brewer,Shaft,M,$,"54,500.04",$,"56,166.71"
DC United,Brillant,Frederic,D,$,"264,999.96",$,"299,999.96"
Chicago Fire,Bronico,Brandt,M,$,"68,254.00",$,"68,254.00"
Seattle Sounders FC,Brown,Calle,GK,$,"67,500.00",$,"67,500.00"
Seattle Sounders FC,Bruin,Will,F,$,"350,000.00",$,"351,666.67"
New England Revolution,Bunbury,Teal,F,$,"215,000.04",$,"260,000.04"
Minnesota United,Burch,Marc,D,$,"140,004.00",$,"140,004.00"
Philadelphia Union,Burke,Cory,F,$,"67,500.00",$,"71,223.75"
Montreal Impact,Bush,Evan,GK,$,"157,925.00",$,"157,925.00"
Sporting Kansas City,Busio,Gianluca,F,$,"80,004.00",$,"82,504.00"
Seattle Sounders FC,Bwana,Handwalla,M,$,"54,500.04",$,"54,500.04"
New England Revolution,Bye,Brandon,D,$,"54,500.04",$,"57,760.82"
Houston Dynamo,Cabezas,Juan,M,$,"255,156.00",$,"279,156.00"
Montreal Impact,Cabrera,Victor,D,$,"270,000.00",$,"270,000.00"
New England Revolution,Caicedo,Luis Alberto,M,$,"300,000.00",$,"300,000.00"
New England Revolution,Caldwell,Scott,M,$,"129,375.00",$,"139,375.00"
New York City FC,Caldwell,Jeff,GK,$,"54,500.04",$,"54,500.04"
New York City FC,Callens,Alexander,D,$,"500,000.04",$,"564,000.04"
Colorado Rapids,Calvert,Caleb,F,$,"105,000.00",$,"105,000.00"
San Jose Earthquakes,Calvillo,Eric,M,$,"99,999.96",$,"114,999.96"
Minnesota United,Calvo,Francisco,D,$,"450,000.00",$,"522,600.00"
Montreal Impact,Camacho,Rudy,D,$,"650,000.04",$,"699,152.54"
Chicago Fire,Campbell,Jonathan,D,$,"120,175.00",$,"128,300.00"
Chicago Fire,Campos,Diego,M,$,"54,500.04",$,"54,500.04"
FC Dallas,Cannon,Reggie,D,$,"67,500.00",$,"67,500.00"
FC Dallas,Cano,Jordan,D,$,"54,500.04",$,"54,500.04"
DC United,Canouse,Russell,M,$,"247,500.00",$,"247,500.00"
Atlanta United,Carleton,Andrew,F,$,"75,000.00",$,"87,400.00"
LA Galaxy,Carrasco,Servando,M,$,"67,500.00",$,"67,500.00"
Portland Timbers,Cascante,Julio,D,$,"150,000.00",$,"150,000.00"
New York Red Bulls,Casseres,Cristian,M,$,"69,999.96",$,"108,749.96"
New York City FC,Castellanos,Valentin,M,$,"150,000.00",$,"181,008.07"
Colorado Rapids,Castillo,Edgar,D,$,"99,996.00",$,"129,996.00"
Houston Dynamo,Ceren,Darwin,M,$,"225,000.00",$,"274,375.00"
FC Dallas,Chala,Anibal,D,$,"300,000.00",$,"383,000.00"
New York City FC,Chanot,Maxime,D,$,"375,000.00",$,"408,000.00"
Toronto FC,Chapman,Jay,M,$,"99,000.00",$,"117,500.00"
Portland Timbers,Chara,Diego,M,$,"550,000.00",$,"572,000.00"
Seattle Sounders FC,Chenkam,Felix,F,$,"54,500.04",$,"54,500.04"
Montreal Impact,Choiniere,David,M,$,"67,500.00",$,"67,500.00"
Montreal Impact,Choiniere,Mathieu,M,$,"54,500.04",$,"59,441.04"
LA Galaxy,Ciani,Michael,D,$,"600,000.00",$,"620,000.00"
Columbus Crew,Clark,Ricardo,M,$,"125,000.04",$,"125,000.04"
Portland Timbers,Clark,Steve,GK,$,"120,000.00",$,"130,000.00"
Chicago Fire,Cleveland,Stefan,GK,$,"55,654.20",$,"55,654.20"
LA Galaxy,Cole,Ashley,D,$,"450,000.00",$,"722,499.98"
Chicago Fire,Collier,Elliot,F,$,"54,500.04",$,"54,500.04"
New York Red Bulls,Collin,Aurelien,D,$,"450,000.00",$,"450,000.00"
FC Dallas,Colman,Cristian,F,$,"500,000.04",$,"585,000.04"
Orlando City SC,Colman,Josue,M,$,"150,000.00",$,"150,000.00"
Colorado Rapids,Colvey,Kip,D,$,"67,500.00",$,"67,500.00"
Vancouver Whitecaps,Colyn,Simon,M,$,"54,499.92",$,"60,749.92"
Portland Timbers,Conechny,Tomas,M-F,$,"150,000.00",$,"166,666.67"
Chicago Fire,Conner,Drew,M,$,"68,907.30",$,"68,907.30"
Chicago Fire,Corrales,Jorge,D,$,"67,500.00",$,"67,500.00"
Philadelphia Union,Creavalle,Warren,M,$,"140,000.00",$,"153,000.00"
Montreal Impact,Crepeau,Maxime,GK,$,"80,000.00",$,"84,083.33"
Columbus Crew,Crognale,Alex,D,$,"95,004.00",$,"95,004.00"
Sporting Kansas City,Croizet,Yohan,M,$,"650,004.00",$,"680,004.00"
Minnesota United,Cronin,Sam,M,$,"141,660.00",$,"208,761.33"
New England Revolution,Cropper,Cody,GK,$,"73,828.13",$,"73,828.13"
San Jose Earthquakes,Cummings,Harold,D,$,"249,996.00",$,"300,662.67"
LAFC,Czornomaz,Nicolas,M,$,"67,500.00",$,"71,250.00"
Colorado Rapids,da Fonte,Mike,D,$,"67,500.00",$,"67,500.00"
Houston Dynamo,Da Silva,Leonardo,D,$,"157,504.50",$,"165,171.17"
Minnesota United,da Silva,Ibson,M,$,"300,000.00",$,"317,083.33"
Orlando City SC,Da Silva,Pierre,M,$,"54,504.00",$,"54,504.00"
Toronto FC,Daniels,Aidan,M,$,"54,500.04",$,"54,500.04"
Minnesota United,Danladi,Abu,F,$,"135,000.00",$,"186,000.00"
Vancouver Whitecaps,Davies,Alphonso,M,$,"72,500.00",$,"72,500.00"
New York Red Bulls,Davis,Sean,M,$,"225,000.00",$,"261,666.67"
Vancouver Whitecaps,de Jong,Marcel,D-M,$,"150,000.00",$,"164,500.00"
Chicago Fire,de Leeuw,Michael,F,$,"525,000.00",$,"589,212.50"
Columbus Crew,de Lima,Artur,M,$,"210,000.00",$,"244,166.67"
Chicago Fire,Dean,Christian,D,$,"90,000.00",$,"93,125.00"
Chicago Fire,Del Grecco,Nicolas,D,$,"90,000.00",$,"91,125.00"
Houston Dynamo,DeLaGarza,AJ,D,$,"200,000.04",$,"207,500.04"
Seattle Sounders FC,Delem,Jordy,M,$,"67,500.00",$,"67,500.00"
DC United,DeLeon,Nick,M,$,"275,000.00",$,"275,000.00"
Toronto FC,Delgado,Marco,M,$,"230,000.00",$,"230,000.00"
Retired,Dempsey,Clint,F,$,"1,100,000.04",$,"1,650,000.04"
"",DePuy,Nick,F,$,"68,254.20",$,"75,754.20"
Houston Dynamo,Deric,Tyler,GK,$,"67,500.00",$,"67,500.00"
Montreal Impact,Diallo,Zakaria,D,$,"299,250.00",$,"343,250.00"
Philadelphia Union,Dias,Ilson,M,$,"300,000.00",$,"327,000.00"
Sporting Kansas City,Dick,Eric,GK,$,"54,500.04",$,"57,949.58"
Sporting Kansas City,Didic,Amer,D,$,"55,654.20",$,"55,654.20"
New England Revolution,Dielna,Claude,D,$,"780,000.00",$,"909,861.00"
LAFC,Diomande,Adama,F,$,"849,999.96",$,"934,999.96"
Montreal Impact,Diop,Clement,GK,$,"90,000.00",$,"97,290.00"
Philadelphia Union,Dockal,Borek,M,$,"1,714,285.68",$,"1,714,285.68"
Vancouver Whitecaps,Dominguez,Roberto,D,$,"54,504.00",$,"61,465.66"
Houston Dynamo,Donovan,Conor,D,$,"54,500.04",$,"54,500.04"
LA Galaxy,dos Santos,Giovani,F,$,"4,250,000.00",$,"6,000,000.00"
LA Galaxy,dos Santos,Jonathan,M,$,"2,000,000.04",$,"2,000,000.04"
New York Red Bulls,Duncan,Kyle,D,$,"54,500.04",$,"54,500.04"
Toronto FC,Dunn,Julian,D,$,"54,500.04",$,"54,500.04"
DC United,Durkin,Chris,D-M,$,"80,000.00",$,"89,166.67"
Montreal Impact,Duvall,Chris,D,$,"150,000.00",$,"150,000.00"
Orlando City SC,Dwyer,Dom,F,$,"1,200,000.00",$,"1,383,333.33"
Colorado Rapids,Dykstra,Andrew,GK,$,"100,008.00",$,"107,658.51"
Portland Timbers,Ebobisse,Jeremy,F,$,"140,000.00",$,"203,000.00"
Chicago Fire,Edwards,Raheem,F,$,"55,654.20",$,"55,654.20"
Orlando City SC,Edwards,Earl,GK,$,"68,250.00",$,"68,250.00"
Houston Dynamo,Elis,Alberth,F,$,"650,340.00",$,"650,340.00"
Philadelphia Union,Elliott,Jack,D,$,"59,629.50",$,"59,629.50"
DC United,Ellis,Kevin,D,$,"150,000.00",$,"158,333.33"
Orlando City SC,El-Mounir,Mohammed,D,$,"174,999.96",$,"192,833.29"
Vancouver Whitecaps,Emnes,Marvin,F,$,"69,996.00",$,"159,829.33"
Philadelphia Union,Epps,Marcus,M,$,"55,654.20",$,"55,654.20"
San Jose Earthquakes,Eriksson,Magnus,F,$,"399,999.96",$,"399,999.96"
Atlanta United,Escobar,Franco,D,$,"250,008.00",$,"250,008.00"
New York Red Bulls,Escobar,Fidel,D,$,"145,000.08",$,"145,000.08"
Sporting Kansas City,Espinoza,Roger,M,$,"900,000.00",$,"900,000.00"
New York Red Bulls,Etienne,Derrick,M,$,"68,500.00",$,"73,500.00"
Sporting Kansas City,Evans,Brad,D-M,$,"200,000.04",$,"200,000.04"
New England Revolution,Fagundez,Diego,M,$,"170,000.00",$,"190,000.00"
Montreal Impact,Fanni,Rod,D,$,"1,200,000.00",$,"1,225,000.00"
Portland Timbers,Farfan,Marco,D,$,"64,500.00",$,"64,500.00"
New England Revolution,Farrell,Andrew,D,$,"182,600.00",$,"267,600.00"
LAFC,Feilhaber,Benny,M,$,"625,000.00",$,"625,000.00"
San Jose Earthquakes,Felipe,Luis,M,$,"67,500.00",$,"68,500.00"
LA Galaxy,Feltscher,Rolf,D,$,"240,000.00",$,"270,000.00"
Sporting Kansas City,Fernandes,Gerso,F-M,$,"550,008.00",$,"591,258.00"
Minnesota United,Fernando,Luiz,M,$,"275,000.04",$,"314,166.71"
FC Dallas,Ferreira,Jesus,F,$,"54,500.00",$,"54,500.00"
FC Dallas,Figueroa,Maynor,D,$,"240,000.00",$,"250,000.00"
Minnesota United,Finlay,Ethan,M,$,"375,000.00",$,"375,000.00"
DC United,Fisher,Oniel,D-M,$,"68,906.25",$,"68,906.25"
Montreal Impact,Fisher,Kyle,D,$,"55,654.20",$,"55,654.20"
Portland Timbers,Flores,Andres,M,$,"67,500.00",$,"67,500.00"
Philadelphia Union,Fontana,Anthony,M,$,"65,004.00",$,"73,421.60"
Sporting Kansas City,Fontas,Andreu,D,$,"999,999.96",$,"999,999.96"
Colorado Rapids,Ford,Kortne,D,$,"82,500.00",$,"89,500.00"
New York Red Bulls,Fouapon,Hassan Ndam,D,$,"54,504.00",$,"54,504.00"
Seattle Sounders FC,Francis,Waylon,D,$,"165,000.00",$,"196,041.67"
Vancouver Whitecaps,Franklin,Sean,D,$,"150,000.00",$,"150,000.00"
Toronto FC,Fraser,Liam,M,$,"67,500.00",$,"72,500.00"
Sporting Kansas City,Freeman,Tyler,F,$,"55,200.00",$,"67,700.00"
Seattle Sounders FC,Frei,Stefan,GK,$,"250,000.08",$,"262,500.08"
Houston Dynamo,Fuenmayor,Alejandro,D,$,"85,008.00",$,"112,508.00"
San Jose Earthquakes,Fuentes,Gilbert,M,$,"69,999.96",$,"81,999.96"
Philadelphia Union,Gaddis,Raymon,D,$,"180,000.00",$,"182,500.00"
Atlanta United,Gallagher,Jon,F,$,"67,500.00",$,"68,750.00"
Houston Dynamo,Garcia,Oscar Boniek,M,$,"150,000.00",$,"165,000.00"
Houston Dynamo,Garcia,Kevin,D,$,"68,915.07",$,"68,915.07"
Atlanta United,Garza,Greg,D,$,"175,008.00",$,"175,008.00"
Colorado Rapids,Gashi,Shkelzen,F,$,"1,575,000.00",$,"1,668,750.00"
Vancouver Whitecaps,Ghazal,Aly,M,$,"575,000.04",$,"700,566.71"
Houston Dynamo,Gil,Luis,M,$,"67,500.00",$,"67,500.00"
Toronto FC,Giovinco,Sebastian,F,$,"5,600,000.00",$,"7,115,555.67"
Orlando City SC,Giro,Victor,D-M,$,"90,000.00",$,"95,312.50"
Real Salt Lake,Glad,Justen,D,$,"270,000.00",$,"291,700.00"
Portland Timbers,Gleeson,Jake,GK,$,"120,000.00",$,"125,166.67"
San Jose Earthquakes,Godoy,Anibal,M,$,"425,000.04",$,"473,125.04"
Minnesota United,Gomez,Alexi,M,$,"300,000.00",$,"339,450.00"
FC Dallas,Gonzalez,Jesse,GK,$,"187,500.00",$,"211,500.00"
Chicago Fire,Gordon,Alan,F,$,"150,000.00",$,"155,000.00"
Atlanta United,Goslin,Chris,M,$,"80,000.00",$,"84,000.00"
Columbus Crew,Grella,Mike,F,$,"195,300.00",$,"197,550.00"
Atlanta United,Gressel,Julian,M,$,"92,500.00",$,"111,250.00"
Orlando City SC,Grinwis,Adam,GK,$,"67,500.00",$,"67,500.00"
FC Dallas,Gruezo,Carlos,M,$,"595,000.08",$,"730,750.08"
Sporting Kansas City,Gutierrez,Felipe,M,$,"1,599,999.96",$,"1,649,999.96"
Atlanta United,Guzan,Brad,GK,$,"640,008.00",$,"700,008.00"
Portland Timbers,Guzman,David,M,$,"219,999.96",$,"239,999.96"
Toronto FC,Hagglund,Nick,D,$,"125,004.00",$,"134,629.00"
Colorado Rapids,Hairston,Marlon,M,$,"144,996.00",$,"144,996.00"
DC United,Hamid,Bill,GK,$,"67,500.00",$,"93,175.00"
Colorado Rapids,Hamilton,Sam,M,$,"68,254.20",$,"68,254.20"
Toronto FC,Hamilton,Jordan,F,$,"72,930.38",$,"100,430.38"
Columbus Crew,Hansen,Niko,F,$,"68,250.04",$,"75,750.04"
DC United,Harkes,Ian,M,$,"104,500.00",$,"137,737.50"
LAFC,Harvey,Jordan,D,$,"150,000.00",$,"150,000.00"
Chicago Fire,Hasler,Nicolas,D-M,$,"132,000.00",$,"147,666.67"
New England Revolution,Hauche,Guillermo,M-F,$,"120,000.00",$,"135,000.00"
FC Dallas,Hayes,Jacori,M,$,"68,250.04",$,"75,750.04"
Minnesota United,Heath,Harrison,M,$,"69,457.50",$,"69,457.50"
FC Dallas,Hedges,Matt,D,$,"500,004.00",$,"525,004.00"
Real Salt Lake,Henley,Adam,D,$,"114,999.96",$,"122,833.29"
Vancouver Whitecaps,Henry,Doneil,D,$,"140,004.00",$,"154,237.71"
Philadelphia Union,Herbers,Fabian,F-M,$,"100,008.00",$,"100,008.00"
New England Revolution,Herivaux,Zachary,M,$,"68,906.25",$,"83,906.25"
Atlanta United,Hernandez,Jose Rafael,D,$,"120,000.00",$,"120,000.00"
FC Dallas,Hernandez,Moises,D,$,"67,500.00",$,"67,500.00"
Real Salt Lake,Hernandez,Jose E,M,$,"67,500.00",$,"70,875.00"
Toronto FC,Hernandez,Jason,D,$,"67,500.00",$,"67,500.00"
New York City FC,Herrera,Yangel,M,$,"200,000.04",$,"200,000.04"
Real Salt Lake,Herrera,Aaron,D,$,"67,500.00",$,"67,500.00"
Columbus Crew,Higuain,Federico,M,$,"1,100,000.04",$,"1,100,000.04"
Orlando City SC,Higuita,Cristian,M,$,"444,996.00",$,"581,662.67"
Atlanta United,Hildebrandt,Mitch,GK,$,"67,500.00",$,"67,500.00"
LA Galaxy,Hilliard-Arce,Tomas,D,$,"90,000.00",$,"113,125.00"
San Jose Earthquakes,Hoesen,Danny,F,$,"465,000.00",$,"518,000.00"
New England Revolution,Hollinger-Janzen,Femi,F,$,"67,500.00",$,"67,500.00"
FC Dallas,Hollingshead,Ryan,D-M,$,"145,000.00",$,"145,000.00"
Real Salt Lake,Horst,David,D,$,"125,004.00",$,"131,629.00"
LAFC,Horta,Andre,M,$,"1,100,000.04",$,"1,198,000.04"
Real Salt Lake,Horwath,Alex,GK,$,"67,500.00",$,"73,362.50"
New York City FC,Hountondji,Cedric,D,$,"220,000.08",$,"258,333.41"
Colorado Rapids,Howard,Tim,GK,$,"2,000,000.00",$,"2,475,000.00"
Vancouver Whitecaps,Hurtado,Erik,F/M,$,"150,000.00",$,"156,250.00"
LA Galaxy,Husidic,Baggio,M,$,"174,999.96",$,"174,999.96"
San Jose Earthquakes,Hyka,Jahmir,M,$,"489,996.00",$,"539,996.00"
Minnesota United,Ibarra,Romario,M,$,"500,000.04",$,"546,250.04"
Minnesota United,Ibarra,Miguel,M,$,"300,000.00",$,"332,322.00"
New York City FC,Ibeagha,Sebastien,D,$,"67,500.00",$,"67,500.00"
LA Galaxy,Ibrahimovic,Zlatan,F,$,"1,500,000.00",$,"1,500,000.00"
Toronto FC,Irwin,Clint,GK,$,"210,000.00",$,"221,312.70"
New York Red Bulls,Ivan,Andreas,M,$,"240,000.00",$,"344,100.00"
Colorado Rapids,Jackson,Niki,F,$,"54,500.04",$,"54,500.04"
Montreal Impact,Jackson-Hamel,Anthony,F,$,"140,000.04",$,"155,000.04"
Portland Timbers,Jadama,Modou,D,$,"54,500.04",$,"54,500.04"
Columbus Crew,Jahn,Adam,F,$,"97,500.00",$,"97,500.00"
LAFC,Jakovic,Dejan,D,$,"150,000.00",$,"150,000.00"
LA Galaxy,Jamieson,Bradford,F,$,"72,765.00",$,"72,765.00"
Toronto FC,Janson,Lucas,F,$,"396,000.00",$,"449,000.00"
DC United,Jeffrey,Jared,M,$,"114,996.00",$,"124,996.00"
Columbus Crew,Jimenez,Hector,M,$,"159,996.00",$,"159,996.00"
Chicago Fire,Johnson,Daniel,M,$,"68,254.20",$,"68,254.20"
New York City FC,Johnson,Sean,GK,$,"250,008.00",$,"250,008.00"
Orlando City SC,Johnson,Will,M,$,"434,004.00",$,"470,004.00"
Philadelphia Union,Jones,Derrick,M,$,"70,000.00",$,"75,900.00"
Vancouver Whitecaps,Juarez,Efrain,D-M,$,"525,000.00",$,"619,833.33"
San Jose Earthquakes,Jungwirth,Florian,D-M,$,"500,004.00",$,"566,671.07"
Minnesota United,Kallman,Brent,D,$,"82,500.00",$,"85,791.67"
LA Galaxy,Kamara,Ola,F,$,"825,000.00",$,"925,000.00"
Vancouver Whitecaps,Kamara,Kei,F,$,"1,000,000.00",$,"1,000,000.00"
Atlanta United,Kann,Alec,GK,$,"94,008.00",$,"94,008.00"
Minnesota United,Kapp,Alex,GK,$,"55,654.20",$,"55,654.20"
Chicago Fire,Kappelhof,Johan,D,$,"555,000.00",$,"595,000.00"
San Jose Earthquakes,Kashia,Guram,D,$,"549,999.96",$,"549,999.96"
Chicago Fire,Katai,Aleksandar,M,$,"1,200,000.00",$,"1,320,333.33"
LAFC,Kaye,Mark-Anthony,M,$,"69,999.96",$,"74,999.96"
Seattle Sounders FC,Kee-Hee,Kim,D,$,"500,004.00",$,"632,004.00"
"",Keita,Muhamed,F,$,"324,999.96",$,"367,291.71"
DC United,Kelly,Dane,F,$,"67,500.00",$,"69,500.00"
DC United,Kemp,Taylor,D,$,"140,000.00",$,"140,000.00"
Columbus Crew,Kempin,Jonathan,GK,$,"80,256.00",$,"80,256.00"
Columbus Crew,Ketterer,Logan,GK,$,"67,500.00",$,"67,500.00"
LA Galaxy,Kitchen,Perry,D-M,$,"450,000.00",$,"474,166.67"
Orlando City SC,Kljestan,Sacha,M,$,"1,025,000.04",$,"1,100,000.04"
New England Revolution,Knighton,Brad,GK,$,"105,955.56",$,"110,955.56"
"",Konopka,Chris,GK,$,"67,500.00",$,"67,500.00"
LAFC,Kovar,Aaron,M,$,"69,457.50",$,"69,657.50"
Atlanta United,Kratz,Kevin,M,$,"165,000.00",$,"179,250.00"
Real Salt Lake,Kreilach,Damir,M,$,"900,000.00",$,"1,013,333.33"
Montreal Impact,Krolicki,Ken,M,$,"54,500.04",$,"54,500.04"
Atlanta United,Kunga,Lagos,M-F,$,"54,500.04",$,"58,500.04"
New York Red Bulls,Kutler,Ethan,D,$,"54,500.04",$,"54,500.04"
Sporting Kansas City,Kuzain,Wan,M,$,"67,500.00",$,"67,500.00"
New York Red Bulls,Lade,Connor,D,$,"114,000.00",$,"120,749.85"
FC Dallas,Lamah,Roland,M,$,"675,000.00",$,"818,500.00"
Minnesota United,Lampson,Matt,GK,$,"100,000.08",$,"107,500.08"
Portland Timbers,Langsdorf,Foster,F,$,"54,500.04",$,"54,500.04"
Atlanta United,Larentowicz,Jeff,M,$,"210,000.00",$,"210,000.00"
Orlando City SC,Laryea,Richie,M,$,"135,000.00",$,"164,000.00"
LA Galaxy,Lassiter,Ariel,F,$,"67,500.00",$,"67,500.00"
New York Red Bulls,Lawrence,Kemar,D,$,"150,000.00",$,"255,600.00"
Seattle Sounders FC,Leerdam,Kelvin,D,$,"500,000.04",$,"575,000.04"
"",Lefevre,Wandrille,D,$,"109,999.92",$,"119,499.92"
"",Leiton,Jose,F-M,$,"67,500.00",$,"83,000.00"
Real Salt Lake,Lennon,Brooks,F,$,"225,000.00",$,"237,583.33"
Vancouver Whitecaps,Levis,Brett,D,$,"68,250.00",$,"70,750.00"
New York City FC,Lewis,Jonathan,F,$,"90,000.00",$,"125,500.00"
Chicago Fire,Lillard,Grant,D,$,"80,000.04",$,"82,500.04"
San Jose Earthquakes,Lima,Nick,D,$,"93,996.00",$,"100,200.03"
Orlando City SC,Lindley,Cam,M,$,"80,000.04",$,"88,906.29"
Sporting Kansas City,Lindsey,Jaylin,D,$,"54,504.00",$,"67,504.00"
LA Galaxy,Lletget,Sebastian,M,$,"240,000.00",$,"252,666.67"
Sporting Kansas City,Lobato,Cristian,M,$,"240,000.00",$,"240,000.00"
Seattle Sounders FC,Lodeiro,Nicolas,M,$,"1,800,000.00",$,"2,302,500.00"
New York Red Bulls,Long,Aaron,D,$,"73,125.00",$,"73,125.00"
LAFC,Lopez,Luis,GK,$,"70,000.08",$,"147,500.08"
Real Salt Lake,Lopez-Espin,Ricky,F,$,"67,500.00",$,"76,250.00"
New York Red Bulls,Louro,Evan,GK,$,"55,654.20",$,"55,654.20"
Montreal Impact,Lovitz,Daniel,M,$,"86,625.00",$,"86,625.00"
Columbus Crew,Lundgaard,Ben,GK,$,"54,500.04",$,"54,500.04"
Houston Dynamo,Lundkvist,Adam,D,$,"405,000.00",$,"433,750.00"
LAFC,Lyon,Charlie,GK,$,"67,500.00",$,"67,500.00"
Portland Timbers,Mabiala,Larrys,D,$,"750,000.00",$,"793,333.33"
Houston Dynamo,Machado,Adolfo,D,$,"220,008.00",$,"236,508.00"
New England Revolution,Machado,Cristhian,D-M,$,"132,000.00",$,"150,512.50"
Colorado Rapids,MacMath,Zac,GK,$,"170,000.00",$,"170,000.00"
"",Malki,George,D,$,"68,254.20",$,"68,254.20"
LAFC,Mallace,Calum,M,$,"80,000.04",$,"80,000.04"
Columbus Crew,Maloney,Connor,D,$,"55,654.20",$,"55,654.20"
New England Revolution,Mancienne,Michael,D,$,"1,284,768.00",$,"1,370,268.00"
Montreal Impact,Mancosu,Matteo,F,$,"700,000.08",$,"719,541.75"
Minnesota United,Manley,Carter,D,$,"54,500.04",$,"54,500.04"
Houston Dynamo,Manotas,Mauro,F,$,"264,328.08",$,"264,328.08"
San Jose Earthquakes,Marcinkowski,JT,GK,$,"120,000.00",$,"132,000.00"
San Jose Earthquakes,Marie,Paul,D,$,"54,500.04",$,"54,500.04"
Vancouver Whitecaps,Marinovic,Stefan,GK,$,"150,000.00",$,"162,562.50"
Philadelphia Union,Marquez,Richie,D,$,"145,000.00",$,"151,430.00"
Seattle Sounders FC,Marshall,Chad,D,$,"300,000.00",$,"341,250.00"
Minnesota United,Martin,Collin,M,$,"95,004.00",$,"95,004.00"
Atlanta United,Martinez,Josef,F,$,"1,270,008.00",$,"1,387,318.00"
Colorado Rapids,Martinez,Enzo,M,$,"67,500.00",$,"67,500.00"
Columbus Crew,Martinez,Cristian,M,$,"68,915.07",$,"73,415.07"
Houston Dynamo,Martinez,Tomas,M,$,"305,004.00",$,"487,929.00"
Vancouver Whitecaps,Martins,Felipe,M,$,"425,000.04",$,"425,000.04"
New York City FC,Matarrita,Ronald,D,$,"275,000.04",$,"395,000.04"
DC United,Mattocks,Darren,F,$,"400,000.00",$,"416,666.67"
Vancouver Whitecaps,Maund,Aaron,D,$,"180,000.00",$,"189,437.50"
FC Dallas,Maurer,Jimmy,GK,$,"120,000.00",$,"122,500.00"
Toronto FC,Mavinga,Chris,D,$,"500,000.04",$,"563,333.37"
Philadelphia Union,Mbaizo,Olivier,D,$,"67,500.00",$,"67,500.00"
Colorado Rapids,McBean,Jack,F,$,"68,906.25",$,"68,906.25"
Atlanta United,McCann,Chris,M,$,"560,000.00",$,"588,000.00"
Philadelphia Union,McCarthy,John,GK,$,"95,000.00",$,"104,250.00"
Chicago Fire,McCarty,Dax,M,$,"700,000.08",$,"712,500.08"
Seattle Sounders FC,McCrary,Jordan,D,$,"67,500.00",$,"67,500.00"
Philadelphia Union,McGuire,Jake,GK,$,"55,654.20",$,"55,654.20"
Portland Timbers,McIntosh,Kendall,GK,$,"55,650.00",$,"55,650.00"
Philadelphia Union,McKenzie,Mark,D,$,"54,500.04",$,"64,500.04"
Chicago Fire,McLain,Patrick,GK,$,"67,500.00",$,"67,500.00"
New York City FC,McNamara,Thomas,M,$,"199,999.92",$,"199,999.92"
New York Red Bulls,Meara,Ryan,GK,$,"120,000.00",$,"125,000.00"
New York City FC,Medina,Jesus,M,$,"650,000.04",$,"770,833.37"
Sporting Kansas City,Medranda,Jimmy,D,$,"140,004.00",$,"140,004.00"
Philadelphia Union,Medunjanin,Haris,M,$,"500,004.00",$,"545,004.00"
Montreal Impact,Meilleur-Giguere,Thomas,D,$,"54,500.00",$,"57,625.00"
Portland Timbers,Melano,Lucas,F,$,"840,000.00",$,"840,000.00"
Sporting Kansas City,Melia,Tim,GK,$,"300,000.00",$,"316,666.67"
Vancouver Whitecaps,Melvin,Sean,GK,$,"54,500.04",$,"54,500.04"
Columbus Crew,Mensah,Jonathan,D,$,"774,996.00",$,"868,996.00"
Columbus Crew,Meram,Justin,M,$,"550,008.00",$,"578,758.00"
Seattle Sounders FC,Meredith,Bryan,GK,$,"67,500.00",$,"67,500.00"
Vancouver Whitecaps,Mezquida,Nicolas,F-M,$,"130,000.08",$,"130,000.08"
Chicago Fire,Mihailovic,Djordje,M,$,"96,000.04",$,"96,000.04"
LAFC,Miller,Tyler,GK,$,"68,915.07",$,"68,915.07"
Minnesota United,Miller,Eric,D,$,"84,997.97",$,"105,997.97"
Portland Timbers,Miller,Roy,D,$,"150,000.00",$,"150,000.00"
New York Red Bulls,Mines,Ben,M,$,"54,504.00",$,"60,518.00"
DC United,Miranda,Bruno,F,$,"67,500.00",$,"71,976.09"
New England Revolution,Mlinar Delamea,Antonio,D,$,"400,008.00",$,"400,008.00"
Minnesota United,Molino,Kevin,M,$,"425,004.00",$,"477,504.00"
Toronto FC,Moor,Drew,D,$,"350,004.00",$,"350,004.00"
DC United,Mora,Joseph,D,$,"90,000.00",$,"104,250.00"
New York City FC,Moralez,Maxi,M,$,"2,000,000.04",$,"2,000,000.04"
DC United,Moreno,Junior,M,$,"120,000.00",$,"139,500.00"
Toronto FC,Morgan,Ashtone,D,$,"120,000.00",$,"121,500.00"
Seattle Sounders FC,Morris,Jordan,F,$,"222,000.00",$,"234,500.00"
Toronto FC,Morrow,Justin,D,$,"300,000.00",$,"300,000.00"
FC Dallas,Mosquera,Santiago,M,$,"450,000.00",$,"541,400.00"
LAFC,Moutinho,Joao,D,$,"129,999.96",$,"169,999.96"
Chicago Fire,Movsisyan,Yura,F,$,"1,850,000.00",$,"2,073,750.00"
Orlando City SC,Mueller,Chris,F,$,"84,999.96",$,"98,749.96"
Real Salt Lake,Mulholland,Luke,M,$,"173,250.00",$,"173,250.00"
Columbus Crew,Mullins,Patrick,F,$,"249,996.00",$,"249,996.00"
New York Red Bulls,Murillo,Michael,D,$,"80,004.00",$,"88,754.00"
LAFC,Murphy,James,M,$,"67,500.00",$,"87,500.00"
San Jose Earthquakes,Musovski,Danny,F,$,"54,500.04",$,"54,500.04"
Vancouver Whitecaps,Mutch,Jordon,M,$,"156,000.00",$,"284,166.67"
New York Red Bulls,Muyl,Alex,F,$,"110,000.00",$,"114,000.00"
"",Myers,Chance,D,$,"175,008.00",$,"175,008.00"
Atlanta United,Nagbe,Darlington,F-M,$,"605,000.00",$,"620,000.00"
Philadelphia Union,Najem,Adam,M,$,"71,500.04",$,"71,500.04"
Seattle Sounders FC,Neagle,Lamar,F-M,$,"96,000.00",$,"99,000.00"
Houston Dynamo,Nelson,Michael,GK,$,"54,500.04",$,"54,500.04"
Sporting Kansas City,Nemeth,Krisztian,F,$,"900,000.00",$,"1,007,666.67"
Vancouver Whitecaps,Nerwinski,Jakob,D,$,"67,500.00",$,"71,625.00"
LAFC,Nguyen,Lee,M,$,"500,000.00",$,"500,000.00"
Colorado Rapids,Nicholson,Sam,M,$,"265,008.00",$,"311,456.00"
Chicago Fire,Nikolic,Nemanja,F,$,"1,700,000.04",$,"1,906,333.37"
Vancouver Whitecaps,Norman,David,M,$,"54,500.04",$,"55,500.04"
Real Salt Lake,Obayan,Sunday,M,$,"275,000.00",$,"288,000.00"
San Jose Earthquakes,Ockford,Jimmy,D,$,"67,500.00",$,"67,500.00"
DC United,Odoi-Atsem,Chris,D,$,"54,500.04",$,"59,500.04"
San Jose Earthquakes,Oduro,Dom,F,$,"330,000.00",$,"330,000.00"
New York City FC,Ofori,Ebenezer,M,$,"324,999.96",$,"381,249.96"
Atlanta United,Okonkwo,Patrick,F,$,"54,504.00",$,"65,504.00"
Portland Timbers,Olum,Lawrence,M,$,"185,004.00",$,"200,004.00"
Minnesota United,Omsberg,Wyatt,D,$,"54,500.04",$,"54,500.04"
Orlando City SC,O'Neill,Shane,D,$,"64,999.92",$,"79,499.92"
Real Salt Lake,Onuoha,Nedum,D,$,"150,000.00",$,"219,000.00"
Sporting Kansas City,Opara,Ike,D,$,"324,999.96",$,"342,916.63"
DC United,Opare,Kofi,D,$,"118,125.00",$,"133,125.00"
Columbus Crew,Opoku,Edward,F,$,"75,000.00",$,"96,000.00"
Toronto FC,Osorio,Jonathan,M,$,"201,350.63",$,"209,825.25"
DC United,Ousted,David,GK,$,"350,000.04",$,"369,166.71"
Minnesota United,Owundi Eko'o,Bertrand,D,$,"67,500.00",$,"67,500.00"
Minnesota United,Paixao Da Silva,"Fernando ""Bob""",M,$,"152,496.00",$,"152,496.00"
Minnesota United,Pangop,Frantz,M,$,"67,500.00",$,"67,500.00"
Montreal Impact,Pantemis,James,GK,$,"54,500.04",$,"55,000.04"
Portland Timbers,Paredes,Cristhian,M,$,"252,000.00",$,"283,500.00"
New York Red Bulls,Parker,Tim,D,$,"97,185.00",$,"115,935.00"
Atlanta United,Parkhurst,Michael,D,$,"340,008.00",$,"340,008.00"
San Jose Earthquakes,Partida,Kevin,M,$,"54,500.04",$,"54,500.04"
Toronto FC,Patterson-Sewell,Caleb,GK,$,"67,500.00",$,"67,500.00"
Real Salt Lake,Peay,Taylor,D,$,"67,500.00",$,"67,500.00"
LA Galaxy,Pedro,Joao,M,$,"219,996.00",$,"240,996.00"
FC Dallas,Pedroso,Marcos,D,$,"330,000.00",$,"330,000.00"
Houston Dynamo,Pena,Ronaldo,F,$,"225,000.00",$,"225,000.00"
New England Revolution,Penilla,Cristian,F,$,"500,000.04",$,"550,000.04"
Colorado Rapids,Perez,Ricardo,M,$,"60,000.00",$,"61,250.00"
LAFC,Perez,Josh,F,$,"54,499.92",$,"54,499.92"
"",Peterson,Jacob,F,$,"173,568.00",$,"180,818.00"
Montreal Impact,Petrasso,Michael,D-M,$,"155,003.64",$,"168,128.64"
Real Salt Lake,Phillips,Demar,D,$,"120,000.00",$,"126,250.00"
Montreal Impact,Piatti,Ignacio,M,$,"500,000.04",$,"4,713,333.37"
Philadelphia Union,Picault,Fafa,F,$,"135,000.00",$,"148,666.67"
Montreal Impact,Piette,Samuel,M,$,"120,000.00",$,"129,234.37"
Orlando City SC,Pinho,Stefano,F,$,"150,000.00",$,"183,333.33"
Atlanta United,Pirez,Leandro,D,$,"650,004.00",$,"685,004.00"
Real Salt Lake,Plata,Joao,F,$,"525,000.00",$,"683,333.33"
New York Red Bulls,Politz,Kevin,D,$,"54,500.04",$,"57,105.51"
Portland Timbers,Polo,Andy,F,$,"150,000.00",$,"150,000.00"
Chicago Fire,Polster,Matt,M,$,"109,890.00",$,"124,890.00"
FC Dallas,Pomykal,Paxton,M,$,"85,000.00",$,"90,000.00"
LA Galaxy,Pontius,Chris,F-M,$,"174,999.96",$,"174,999.96"
Portland Timbers,Powell,Alvas,D,$,"225,000.00",$,"241,625.00"
Orlando City SC,Powers,Dillon,M,$,"180,000.00",$,"180,000.00"
Colorado Rapids,Price,Jack,M,$,"399,999.96",$,"407,499.96"
Philadelphia Union,Przybylko,Kacper,F,$,"67,500.00",$,"67,500.00"
Real Salt Lake,Putna,Andrew,GK,$,"67,500.00",$,"67,500.00"
San Jose Earthquakes,Qazaishvili,"Valeri ""Vako""",M,$,"1,325,004.00",$,"1,454,042.36"
San Jose Earthquakes,Quintana,Yeferson,D,$,"300,000.00",$,"341,250.00"
Minnesota United,Quintero,Darwin,F,$,"1,650,000.00",$,"1,650,000.00"
Houston Dynamo,Quioto,Romell,F,$,"240,000.00",$,"252,500.00"
San Jose Earthquakes,Qwiberg,Joel,D,$,"129,999.96",$,"167,999.96"
Montreal Impact,Raitala,Jukka,D,$,"205,004.00",$,"241,670.67"
LAFC,Ramirez,Christian,F,$,"575,000.04",$,"641,250.04"
New York City FC,Rawls,Andre,GK,$,"68,915.07",$,"68,915.07"
Philadelphia Union,Real,Matthew,D,$,"54,500.04",$,"54,500.04"
FC Dallas,Reaves,Kris,D,$,"67,500.00",$,"67,500.00"
New York Red Bulls,Redding,Tommy,D,$,"125,000.00",$,"147,500.00"
FC Dallas,Reid,Adonijah,F,$,"75,000.00",$,"99,375.00"
Atlanta United,Remedi,Eric,M,$,"300,000.00",$,"300,000.00"
Houston Dynamo,Remick,Dylan,D,$,"105,000.00",$,"106,666.67"
Vancouver Whitecaps,Reyna,Yordy,F-M,$,"440,000.04",$,"533,700.04"
FC Dallas,Reynolds,Bryan,F,$,"54,500.00",$,"56,500.00"
FC Dallas,Richards,Chris,D,$,"90,000.00",$,"123,750.00"
Vancouver Whitecaps,Richey,Spencer,GK,$,"68,254.20",$,"68,254.20"
Toronto FC,Ricketts,Tosaint,F,$,"190,008.00",$,"203,174.67"
Portland Timbers,Ridgewell,Liam,D,$,"700,000.00",$,"700,000.00"
Real Salt Lake,Rimando,Nick,GK,$,"399,999.96",$,"422,499.96"
New York City FC,Ring,Alexander,M,$,"550,000.00",$,"591,666.67"
New York Red Bulls,Rivas,Carlos,M,$,"444,996.00",$,"444,996.00"
FC Dallas,Roberts,Thomas,M,$,"60,000.00",$,"88,750.00"
LAFC,Roberts,Quillan,GK,$,"67,500.00",$,"67,500.00"
Atlanta United,Robinson,Miles,D,$,"135,000.00",$,"205,000.00"
DC United,Robinson,Jalen,D,$,"75,000.00",$,"75,000.00"
New York Red Bulls,Robles,Luis,GK,$,"460,000.08",$,"460,000.08"
Orlando City SC,Rocha,Tony,M,$,"68,901.84",$,"68,901.84"
Houston Dynamo,Rodriguez,Memo,M,$,"55,654.20",$,"55,654.20"
Minnesota United,Rodriguez,Angelo,F,$,"575,000.04",$,"657,187.54"
Seattle Sounders FC,Rodriguez,Victor,M,$,"999,999.96",$,"1,087,499.96"
Seattle Sounders FC,Roldan,Cristian,M,$,"154,000.00",$,"191,000.00"
Seattle Sounders FC,Roldan,Alex,M,$,"54,500.04",$,"54,500.04"
New York Red Bulls,Romero,Alejandro 'Kaku',M,$,"709,090.80",$,"709,090.80"
LA Galaxy,Romney,Dave,D,$,"74,418.75",$,"74,418.75"
DC United,Rooney,Wayne,F,$,"2,769,230.88",$,"2,776,730.88"
Orlando City SC,Rosell,Oriol,M,$,"412,500.00",$,"412,500.00"
Philadelphia Union,Rosenberry,Keegan,D,$,"114,950.00",$,"120,762.50"
LAFC,Rossi,Diego,F,$,"1,000,000.08",$,"1,052,000.08"
New England Revolution,Rowe,Kelyn,M,$,"193,000.00",$,"258,000.00"
Vancouver Whitecaps,Rowe,Brian,GK,$,"135,000.00",$,"135,000.00"
New York Red Bulls,Royer,Daniel,M,$,"600,000.00",$,"668,750.00"
Sporting Kansas City,Rubio Kostner,Diego,F,$,"250,000.00",$,"266,875.00"
Seattle Sounders FC,Ruidiaz,Raul,F,$,"2,000,004.00",$,"2,000,004.00"
Real Salt Lake,Ruiz,Pablo,M,$,"180,000.00",$,"201,000.00"
Real Salt Lake,Rusnak,Albert,M,$,"850,008.00",$,"925,820.50"
Sporting Kansas City,Russell,Johnny,M,$,"1,331,578.92",$,"1,331,578.92"
New York Red Bulls,Rzatkowski,Marc,M,$,"885,000.00",$,"976,166.66"
Montreal Impact,Sagna,Bacary,D,$,"480,000.00",$,"525,000.00"
LAFC,Saint-Duc,Steeve,F,$,"54,500.04",$,"54,500.04"
Montreal Impact,Salazar,Michael,F,$,"67,500.00",$,"67,500.00"
San Jose Earthquakes,Salinas,Shea,M,$,"200,000.00",$,"200,000.00"
Sporting Kansas City,Salloi,Daniel,F,$,"67,500.00",$,"81,625.00"
New England Revolution,Samayoa,Nicolas,D,$,"54,500.04",$,"54,500.04"
Chicago Fire,Sanchez,Richard,GK,$,"130,000.08",$,"132,500.08"
Sporting Kansas City,Sanchez,Ilie,M,$,"325,008.00",$,"330,008.00"
New York City FC,Sands,James,D-M,$,"54,500.04",$,"75,333.37"
Orlando City SC,Sane,Lamine,D,$,"807,500.04",$,"855,000.04"
Columbus Crew,Santos,Pedro,M,$,"747,600.00",$,"794,600.00"
Philadelphia Union,Sapong,CJ,F,$,"525,000.00",$,"525,000.00"
Real Salt Lake,Saucedo,Sebastian,M,$,"100,000.00",$,"110,500.00"
Columbus Crew,Sauro,Gaston,D,$,"67,500.00",$,"67,500.00"
Real Salt Lake,Savarino,Jefferson,F,$,"375,000.00",$,"398,687.65"
New York City FC,Scally,Joe,D,$,"54,500.04",$,"76,316.71"
Orlando City SC,Schuler,Chris,D,$,"75,000.00",$,"81,250.00"
Minnesota United,Schuller,Rasmus,M,$,"200,004.00",$,"225,004.00"
Chicago Fire,Schweinsteiger,Bastian,M,$,"6,100,000.08",$,"6,100,000.08"
New England Revolution,Segbers,Mark,D-M,$,"54,500.04",$,"57,760.82"
DC United,Segura,Ulises,M-F,$,"136,999.92",$,"136,999.92"
Houston Dynamo,Seitz,Chris,GK,$,"155,004.00",$,"155,004.00"
Houston Dynamo,Senderos,Philippe,D,$,"225,000.00",$,"242,500.00"
Colorado Rapids,Serna,Dillon,M,$,"95,000.04",$,"95,000.04"
FC Dallas,Servania,Brandon,M,$,"135,000.00",$,"186,000.00"
Atlanta United,Shannon,Oliver,M,$,"54,500.04",$,"54,500.04"
Vancouver Whitecaps,Shea,Brek,D-M,$,"700,000.00",$,"745,000.00"
Sporting Kansas City,Shelton,Khiry,F,$,"102,245.00",$,"119,745.00"
Seattle Sounders FC,Shipp,Harry,M,$,"174,999.96",$,"174,999.96"
Montreal Impact,Shome,Shamit,M,$,"100,000.08",$,"128,500.08"
Minnesota United,Shuttleworth,Bobby,GK,$,"165,000.00",$,"181,875.00"
LAFC,Silva,Danilo,D,$,"69,999.96",$,"69,999.96"
Montreal Impact,Silva,Alejandro,M,$,"800,040.00",$,"800,040.00"
Real Salt Lake,Silva,Marcelo,D,$,"675,000.00",$,"726,625.00"
Real Salt Lake,Silva,Luis,F-M,$,"225,000.00",$,"233,666.67"
Philadelphia Union,Simpson,Jay,F,$,"580,008.00",$,"623,341.33"
Sporting Kansas City,Sinovic,Seth,D,$,"150,000.00",$,"157,666.67"
Colorado Rapids,Sjoberg,Axel,D,$,"189,996.00",$,"194,996.00"
LA Galaxy,Skjelvik,Jorgen,D,$,"900,000.00",$,"1,000,000.00"
Colorado Rapids,Smith,Tommy,D,$,"600,000.00",$,"639,999.96"
Seattle Sounders FC,Smith,Brad,D,$,"529,092.00",$,"564,364.67"
Sporting Kansas City,Smith,Graham,D,$,"54,500.04",$,"54,500.04"
Chicago Fire,Solignac,Luis,F,$,"300,000.00",$,"353,312.50"
New England Revolution,Somi,Gabriel,D,$,"390,999.96",$,"424,999.96"
Columbus Crew,Sosa,Eduardo,M,$,"99,999.96",$,"120,199.96"
Real Salt Lake,Sparrow,Connor,GK,$,"54,504.00",$,"54,504.00"
Orlando City SC,Spector,Jonathan,D,$,"575,004.00",$,"636,941.50"
Orlando City SC,Stajduhar,Mason,GK,$,"67,500.00",$,"67,500.00"
Houston Dynamo,Steeves,Mac,GK,$,"54,500.04",$,"54,500.04"
Columbus Crew,Steffen,Zack,GK,$,"145,000.00",$,"145,000.00"
LA Galaxy,Steres,Daniel,D,$,"125,004.00",$,"132,066.60"
DC United,Stieber,Zoltan,M,$,"999,999.96",$,"999,999.96"
Sporting Kansas City,Storm,Colton,D,$,"55,654.20",$,"55,654.20"
New York City FC,Stuver,Brad,GK,$,"84,999.96",$,"84,999.96"
Orlando City SC,Sutter,Scott,D,$,"225,000.00",$,"225,000.00"
Seattle Sounders FC,Svensson,Gustav,M,$,"350,000.04",$,"367,500.04"
New York City FC,Sweat,Ben,D,$,"67,500.00",$,"67,500.00"
LA Galaxy,Sylvestre,Brian,GK,$,"67,500.00",$,"67,500.00"
Montreal Impact,Taider,Saphir,M,$,"800,000.04",$,"800,000.04"
New York City FC,Tajouri,Ismael,F,$,"320,000.04",$,"350,500.04"
San Jose Earthquakes,Tarbell,Andrew,GK,$,"88,000.00",$,"102,000.00"
Orlando City SC,Tarek,Amro,D,$,"80,000.04",$,"88,333.37"
"",Tchani,Tony,M,$,"320,000.00",$,"353,333.33"
Vancouver Whitecaps,Techera,Cristian,M,$,"387,000.00",$,"412,000.00"
Vancouver Whitecaps,Teibert,Russell,M,$,"140,000.04",$,"160,000.04"
Toronto FC,Telfer,Ryan,M-F,$,"54,500.04",$,"54,500.04"
San Jose Earthquakes,Thiaw,Mohamed,F,$,"54,500.04",$,"54,500.04"
Minnesota United,Thiesson,Jerome,D,$,"180,000.00",$,"219,166.67"
San Jose Earthquakes,Thompson,Tommy,M,$,"165,000.00",$,"170,000.00"
New England Revolution,Tierney,Chris,D-M,$,"157,500.00",$,"165,833.33"
New York City FC,Tinnerholm,Anton,D,$,"350,000.04",$,"434,925.04"
Orlando City SC,Toia,Donny,D,$,"125,004.00",$,"125,004.00"
Seattle Sounders FC,Tolo,Nouhou,D,$,"54,500.00",$,"54,500.00"
Seattle Sounders FC,Torres,Roman,D,$,"575,000.04",$,"645,000.04"
Minnesota United,Toye,Mason,F,$,"124,999.92",$,"177,999.92"
Columbus Crew,Trapp,Wil,M,$,"500,004.00",$,"550,004.00"
Philadelphia Union,Trusty,Auston,D,$,"80,000.00",$,"109,100.00"
Portland Timbers,Tuiloma,Bill,D-M,$,"67,500.00",$,"75,000.00"
New England Revolution,Turner,Matt,GK,$,"67,500.00",$,"67,500.00"
FC Dallas,Twumasi,Ema,F,$,"135,000.00",$,"180,900.00"
FC Dallas,Ulloa,Victor,M,$,"180,000.00",$,"182,500.00"
LAFC,Urena,Marco,F,$,"279,996.00",$,"294,412.67"
FC Dallas,Urruti,Maximiliano,F,$,"700,000.08",$,"781,000.08"
Portland Timbers,Valentin,Zarek,D,$,"130,000.00",$,"130,000.00"
Columbus Crew,Valenzuela,Milton,D,$,"282,000.00",$,"313,300.00"
Portland Timbers,Valeri,Diego,M,$,"2,320,000.00",$,"2,380,000.00"
New York Red Bulls,Valot,Florian,M,$,"67,500.00",$,"71,136.45"
Toronto FC,Van Der Wiel,Gregory,D,$,"800,000.04",$,"835,000.04"
Montreal Impact,Vargas,Jeisson,M,$,"200,000.04",$,"200,000.04"
Atlanta United,Vazquez,Brandon,F,$,"125,004.00",$,"145,004.00"
Toronto FC,Vazquez,Victor,M,$,"1,365,000.00",$,"1,500,000.00"
LAFC,Vela,Carlos,F,$,"4,500,000.00",$,"6,292,500.00"
Minnesota United,Venegas,Johan,M,$,"225,000.00",$,"237,500.00"
New York City FC,Villa,David,F,$,"5,610,000.00",$,"5,610,000.00"
Portland Timbers,Villafana,Jorge,D,$,"600,000.00",$,"617,500.00"
Atlanta United,Villalba,Hector,F,$,"663,000.00",$,"770,750.00"
Orlando City SC,Villarreal,Jose,F,$,"84,999.96",$,"84,999.96"
Chicago Fire,Vincent,Brandon,D,$,"122,375.00",$,"144,250.00"
Colorado Rapids,Vines,Sam,D,$,"60,000.00",$,"61,250.00"
LA Galaxy,Vom Steeg,Justin,GK,$,"54,500.04",$,"54,500.04"
New York City FC,Wallace,Rodney,M,$,"300,000.08",$,"300,000.08"
Minnesota United,Warner,Collen,M,$,"251,004.00",$,"251,004.00"
Vancouver Whitecaps,Waston,Kendall,D,$,"574,999.92",$,"604,166.52"
Houston Dynamo,Watts,Jared,D-M,$,"92,500.00",$,"92,500.00"
San Jose Earthquakes,Wehan,Chris,M,$,"54,492.00",$,"57,992.00"
Houston Dynamo,Wenger,Andrew,M,$,"230,000.00",$,"230,000.00"
Atlanta United,Wheeler-Omiunu,Andrew,M,$,"55,654.20",$,"55,654.20"
New York Red Bulls,White,Brian,F,$,"54,500.04",$,"54,500.04"
Atlanta United,Wild,Gordon,F,$,"90,000.00",$,"120,000.00"
Atlanta United,Williams,Romario,F,$,"71,500.00",$,"71,500.00"
Columbus Crew,Williams,Joshua,D,$,"200,000.04",$,"200,000.04"
LA Galaxy,Williams,Sheanon,D,$,"67,500.00",$,"72,500.00"
Portland Timbers,Williamson,Eryk,M,$,"110,000.04",$,"126,500.04"
Houston Dynamo,Willis,Joe,GK,$,"124,999.92",$,"132,749.92"
Colorado Rapids,Wilson,Daniel,D,$,"500,000.04",$,"540,000.00"
Seattle Sounders FC,Wingo,Henry,D-M,$,"55,650.00",$,"55,650.00"
San Jose Earthquakes,Wondolowski,Chris,F,$,"800,000.00",$,"800,000.00"
DC United,Worra,Travis,GK,$,"68,906.25",$,"68,906.25"
New England Revolution,Wright,Brian,F,$,"67,500.00",$,"67,500.00"
New York Red Bulls,Wright-Phillips,Bradley,F,$,"1,500,000.00",$,"1,635,000.00"
Colorado Rapids,Wynne,Deklan,D,$,"67,500.00",$,"67,500.00"
Philadelphia Union,Yaro,Joshua,D,$,"140,000.00",$,"224,000.00"
Orlando City SC,Yotun,Yoshimar,M,$,"549,996.00",$,"599,996.00"
San Jose Earthquakes,Yueill,Jackson,M,$,"135,000.00",$,"196,000.00"
New England Revolution,Zahibo,Wilfried,M,$,"474,000.00",$,"544,000.00"
Columbus Crew,Zardes,Gyasi,F,$,"630,000.00",$,"630,000.00"
Toronto FC,Zavaleta,Eriq,D,$,"225,000.00",$,"263,558.45"
Sporting Kansas City,Zendejas,Adrian,GK,$,"55,650.00",$,"55,650.00"
FC Dallas,Ziegler,Reto,D,$,"750,000.00",$,"800,000.00"
LAFC,Zimmerman,Walker,D,$,"235,000.00",$,"235,000.00"
Atlanta United,Zizzo,Sal,D,$,"129,999.96",$,"129,999.96"
FC Dallas,Zobeck,Kyle,GK,$,"67,500.00",$,"67,500.00"
Sporting Kansas City,Zusi,Graham,D,$,"750,000.00",$,"782,102.27"
