Aaronson,Brenden,Philadelphia Union,M,"$85,000","$103,309"
Abdul-Salaam,Saad,FC Cincinnati,D,"$81,375","$90,042"
Abu,Mohammed,DC United,M,"$81,375","$81,375"
Abubakar,Lalas,Colorado Rapids,D,"$145,000","$154,937"
Accam,David,Nashville SC,F,"$875,000","$1,002,916"
Acevedo,Nicolas,New York City FC,D-M,"$135,000","$151,000"
Achara,Ifunanyachi,Toronto FC,M,"$63,547","$63,547"
Acosta,Kellyn,Colorado Rapids,M,"$850,000","$965,000"
Acosta,Bryan,FC Dallas,M,"$600,000","$650,000"
Acosta,George,Inter Miami,M,"$81,375","$81,375"
Acosta,Danilo,LA Galaxy,D,"$81,375","$81,375"
Adams,"Mohammed ""Mo""",Atlanta United,M,"$110,000","$130,000"
Adams,Kyle,Houston Dynamo,D,"$63,547","$63,547"
Adi,Fanendo,Columbus Crew,F,"$1,370,008","$1,775,008"
Adnan,Ali,Vancouver Whitecaps,D,"$1,149,996","$1,227,496"
Afful,Harrison,Columbus Crew,D,"$310,000","$340,000"
Agudelo,Juan,Inter Miami,F,"$300,000","$300,000"
Aias,Matheus,Orlando City SC,F,"$252,000","$267,500"
Aja,Jose,Minnesota United,D,"$81,375","$94,708"
Akanyirige,Jacob,San Jose Earthquakes,D,"$85,000","$87,000"
Akindele,Tesho,Orlando City SC,F,"$200,000","$215,000"
Akinola,Ayo,Toronto FC,F,"$81,375","$149,375"
Alanis,Oswaldo,San Jose Earthquakes,D,"$450,000","$550,000"
Alashe,Fatai,Columbus Crew,M,"$210,000","$210,000"
Aliseda,Ignacio,Chicago Fire,F,"$399,996","$621,497"
Alonso,Osvaldo,Minnesota United,M,"$625,000","$672,500"
Altidore,Jozy,Toronto FC,F,"$2,161,250","$3,602,250"
Alvarado,Alexander,Orlando City SC,F,"$220,000","$220,000"
Alvarez,Efrain,LA Galaxy,M,"$90,000","$94,734"
Amarilla,Luis,Minnesota United,F,"$525,000","$640,500"
Amaya,Frankie,FC Cincinnati,M,"$125,000","$162,000"
Ambrose,Mikey,Inter Miami,D,"$81,375","$81,375"
Anderson,Sebastian,Colorado Rapids,D,"$75,000","$76,667"
Angking,Isaac,New England Revolution,M,"$81,375","$86,375"
Anibaba,Jalil,Nashville SC,D,"$175,000","$175,000"
Anunga,Tah Brian,Nashville SC,M,"$63,547","$63,547"
Aranguiz,Pablo,FC Dallas,M,"$460,000","$520,000"
Araujo,Julian,LA Galaxy,D,"$90,000","$96,250"
Araujo dos Santos,Heber,New York City FC,F,"$785,000","$788,750"
Argudo,Luis,Major League Soccer,M,"$81,375","$81,375"
Arreaga,Xavier,Seattle Sounders FC,D,"$393,600","$500,850"
Arriaga,Luis,Real Salt Lake,M,"$73,763","$73,763"
Arriola,Paul,DC United,M,"$725,000","$757,000"
Asad,Yamil,DC United,M-F,"$425,000","$492,667"
Asprilla,Dairon,Portland Timbers,M-F,"$250,000","$263,750"
Atencio,Joshua,Seattle Sounders FC,M,"$63,547","$68,162"
Attinella,Jeff,Portland Timbers,GK,"$175,000","$187,250"
Atuahene,Francis,FC Dallas,F,"$145,000","$174,000"
Atuesta,Eduard,LAFC,M,"$600,000","$618,000"
Azira,Micheal,Chicago Fire,M,"$155,000","$161,625"
Badji,Dominique,Nashville SC,F,"$250,000","$256,250"
Bailey,Zico,FC Cincinnati,D,"$63,547","$63,547"
Bair,Thelonius,Vancouver Whitecaps,F,"$63,547","$63,547"
Baird,Corey,Real Salt Lake,D,"$300,000","$331,031"
Bajamich,Mateo,Houston Dynamo,F,"$220,000","$280,069"
Baldisimo,Michael,Vancouver Whitecaps,M,"$81,375","$83,138"
Barco,Ezequiel,Atlanta United,M,"$1,425,000","$1,425,000"
Barlow,Tom,New York Red Bulls,F,"$81,375","$81,375"
Barraza,Luis,New York City FC,GK,"$63,547","$63,547"
Barreal,Alvaro,FC Cincinnati,F,"$250,000","$250,000"
Barrios,Michael,FC Dallas,M,"$560,000","$560,000"
Bassett,Cole,Colorado Rapids,M,"$90,000","$99,000"
Bayiha,Clement,Montreal Impact,M-D,"$71,250","$76,625"
Beason,Tanner,San Jose Earthquakes,D,"$81,375","$101,375"
Beckeles,Brayan,Nashville SC,D,"$225,000","$242,500"
Beckerman,Kyle,Real Salt Lake,M,"$300,000","$325,000"
Bedoya,Alejandro,Philadelphia Union,M,"$990,000","$1,203,333"
Beitashour,Steven,Colorado Rapids,D,"$110,000","$135,500"
Bello,George,Atlanta United,D,"$90,000","$94,000"
Bender,Jordan,Orlando City SC,M,"$63,547","$63,547"
Bendik,Joe,Philadelphia Union,GK,"$200,000","$200,000"
Benezet,Nicolas,Colorado Rapids,M,"$600,000","$600,000"
Berhalter,Sebastian,Columbus Crew,M,"$75,000","$76,250"
Beric,Robert,Chicago Fire,F,"$2,274,996","$2,703,164"
Berry,Miguel,Columbus Crew,F,"$63,547","$63,547"
Bersano,Matt,San Jose Earthquakes,GK,"$81,375","$81,375"
Besler,Nick,Real Salt Lake,M,"$150,000","$150,000"
Besler,Matt,Sporting Kansas City,D,"$575,000","$675,000"
Bikel,Janio,Vancouver Whitecaps,M,"$350,000","$388,750"
Billingsley,Noah,Minnesota United,D,"$63,547","$63,547"
Bingham,David,LA Galaxy,GK,"$450,000","$450,000"
Binks,Luis,Montreal Impact,D,"$81,375","$81,375"
Birnbaum,Steven,DC United,D,"$550,000","$562,500"
Bizama,Jose,Houston Dynamo,D,"$255,871","$304,662"
Blackmon,Tristan,LAFC,D,"$120,000","$130,000"
Blake,Andre,Philadelphia Union,GK,"$550,008","$600,008"
Blanco,Sebastian,Portland Timbers,M-F,"$2,200,000","$2,313,333"
Blessing,Latif,LAFC,M,"$275,000","$291,667"
Boateng,Emmanuel,Columbus Crew,M,"$275,000","$275,000"
Bodily,Blake,Portland Timbers,M,"$63,547","$63,547"
Boehmer,Isaac,Vancouver Whitecaps,GK,"$63,547","$63,547"
Bonilla,Pablo,Portland Timbers,D,"$81,375","$81,375"
Bono,Alex,Toronto FC,GK,"$400,000","$432,000"
Bornstein,Jonathan,Chicago Fire,D,"$276,000","$299,200"
Bou,Gustavo,New England Revolution,M-F,"$2,120,000","$2,120,000"
Boxall,Michael,Minnesota United,D,"$360,000","$398,400"
Bradley,Michael,Toronto FC,M,"$1,500,000","$1,500,000"
Brady,Chris,Chicago Fire,GK,"$63,547","$65,447"
Brault-Guillard,Zachary,Montreal Impact,D,"$150,000","$183,625"
Bressan,Matheus,FC Dallas,D,"$536,000","$572,631"
Brillant,Frederic,DC United,D,"$250,000","$265,000"
Bronico,Brandt,Chicago Fire,M,"$110,000","$115,750"
Bruin,Will,Seattle Sounders FC,F,"$425,000","$433,333"
Buchanan,Tajon,New England Revolution,F,"$100,000","$111,000"
Buksa,Adam,New England Revolution,F,"$1,000,000","$1,106,250"
Bunbury,Teal,New England Revolution,M-F,"$237,038","$282,038"
Burgess,Nkosi,FC Dallas,D,"$63,547","$63,547"
Burke,Cory,Philadelphia Union,F,"$83,531","$87,314"
Bush,Evan,Vancouver Whitecaps,GK,"$349,000","$411,667"
Busio,Gianluca,Sporting Kansas City,M,"$99,996","$102,496"
Buttner,Alexander,New England Revolution,D,"$625,000","$690,000"
Bwana,Handwalla,Nashville SC,F-M,"$81,375","$81,375"
Bye,Brandon,New England Revolution,D,"$135,000","$142,938"
Cabrera,Victor,Houston Dynamo,D,"$325,000","$347,328"
Cadden,Chris,Columbus Crew,D-M,"$240,000","$240,000"
Cadiz,Jhonder,Nashville SC,F,"$855,000","$918,900"
Caicedo,Luis,New England Revolution,M,"$325,000","$325,000"
Caldwell,Scott,New England Revolution,M,"$190,000","$200,896"
Caldwell,Jeff,New England Revolution,GK,"$81,375","$81,375"
Callender,Drake,Inter Miami,GK,"$100,000","$100,000"
Callens,Alexander,New York City FC,D,"$650,000","$714,000"
Calvillo,Eric,San Jose Earthquakes,M,"$150,000","$168,000"
Calvo,Francisco,Chicago Fire,D,"$750,000","$822,600"
Camacho,Rudy,Montreal Impact,D,"$750,000","$799,153"
Campbell,George,Atlanta United,D,"$70,000","$70,000"
Canouse,Russell,DC United,M,"$300,000","$300,000"
Carleton,Andrew,Atlanta United,F,"$100,000","$112,400"
Carranza,Julian,Inter Miami,F,"$400,000","$400,000"
Casas,Javier,Chicago Fire,M,"$63,547","$65,447"
Cascante,Julio,Portland Timbers,D,"$200,004","$200,004"
Casseres,Cristian,New York Red Bulls,M,"$195,000","$239,000"
Castellanos,Valentin,New York City FC,M,"$275,000","$299,806"
Castillo,Edgar,Atlanta United,D,"$110,000","$118,375"
Castro,Manuel,Atlanta United,M,"$204,000","$209,667"
Cavallini,Lucas,Vancouver Whitecaps,F,"$1,000,000","$1,262,500"
Cecchini,Emanuel,Seattle Sounders FC,M,"$333,000","$474,000"
Ceren,Darwin,Houston Dynamo,M,"$170,000","$220,000"
Cerrillo,Edwin,FC Dallas,M,"$85,000","$100,000"
Chacon,Thomas,Minnesota United,M-F,"$381,000","$393,000"
Chang,Maikel,Real Salt Lake,M,"$81,375","$81,375"
Chanot,Maxime,New York City FC,D,"$725,000","$725,000"
Chapman,Jay,Inter Miami,M,"$144,000","$156,833"
Chara,Diego,Portland Timbers,M,"$650,000","$668,750"
Chara,Yimmi,Portland Timbers,M,"$1,200,000","$1,392,000"
Che,Justin,FC Dallas,D,"$63,547","$72,756"
Choiniere,Mathieu,Montreal Impact,M,"$95,000","$104,238"
Cifuentes,Jose,LAFC,M,"$367,875","$411,750"
Ciman,Laurent,Toronto FC,D,"$425,000","$460,625"
Clark,Caden,New York Red Bulls,M,"$63,547","$100,747"
Clark,Steve,Portland Timbers,GK,"$250,000","$250,000"
Cleveland,Stefan,Seattle Sounders FC,GK,"$81,375","$81,375"
Cochran,CJ,Nashville SC,GK,"$81,375","$81,375"
Collier,Elliot,Chicago Fire,F,"$81,375","$81,375"
Collin,Aurelien,Philadelphia Union,D,"$200,000","$200,000"
Colman,Josue,Orlando City SC,M,"$700,000","$700,000"
Colyn,Simon,Vancouver Whitecaps,M,"$81,375","$81,375"
Conechny,Tomas,Portland Timbers,M,"$400,000","$400,000"
Conway,Jackson,Atlanta United,F,"$63,547","$63,547"
Cornelius,Derek,Vancouver Whitecaps,D,"$115,500","$127,413"
Corona,Joe,LA Galaxy,M,"$600,000","$628,500"
Corrales,Jorge,Montreal Impact,D,"$81,375","$81,375"
Cowell,Cade,San Jose Earthquakes,F,"$63,547","$73,547"
Creavalle,Warren,Philadelphia Union,M,"$170,000","$183,300"
Crepeau,Maxime,Vancouver Whitecaps,GK,"$225,000","$252,500"
Cropper,Cody,Houston Dynamo,GK,"$81,375","$87,542"
Cruz,Allan,FC Cincinnati,M,"$900,000","$1,014,000"
Cuello,Emil,LA Galaxy,M,"$81,375","$81,375"
Cunha,Antonio Carlos,Orlando City SC,D,"$799,200","$799,200"
Dajome,Cristian,Vancouver Whitecaps,F,"$350,000","$396,667"
Dally,Rashawn,FC Cincinnati,F,"$63,547","$66,956"
Damm,Jurgen,Atlanta United,M,"$1,193,251","$1,485,761"
Danladi,Abu,Nashville SC,F,"$160,000","$217,000"
Davis,Sean,New York Red Bulls,M,"$350,000","$377,500"
De Almeida,Ocimar,Orlando City SC,M,"$650,000","$680,000"
De John,Alex,Orlando City SC,D,"$100,000","$105,500"
De Jong,Siem,FC Cincinnati,M,"$1,157,556","$1,287,556"
De Vries,Jack,Philadelphia Union,M,"$100,000","$115,556"
DeLaGarza,AJ,Inter Miami,D-M,"$287,500","$287,500"
Delem,Jordy,Seattle Sounders FC,M-D,"$160,000","$179,000"
DeLeon,Nick,Toronto FC,D-M,"$225,000","$240,742"
Delgado,"Marco ""Marky""",Toronto FC,M,"$303,600","$384,850"
Deplagne,Mathieu,FC Cincinnati,D,"$240,000","$254,400"
DePuy,Nick,LA Galaxy,D,"$81,375","$81,375"
Dezart,Joseph,Orlando City SC,M,"$63,547","$63,547"
Dhillon,Justin,Seattle Sounders FC,F,"$81,375","$81,375"
Dia,Amadou,Sporting Kansas City,D,"$81,375","$81,375"
Diaz,Luis,Columbus Crew,M,"$324,996","$358,896"
Dibassy,Bakaye,Minnesota United,D,"$480,000","$573,125"
Dick,Eric,Sporting Kansas City,GK,"$81,375","$85,020"
Dieterich,Tanner,Nashville SC,M,"$63,547","$63,547"
Dike,Daryl,Orlando City SC,F,"$85,000","$113,750"
Diop,Clement,Montreal Impact,GK,"$120,000","$148,500"
Dobbelaere,Ethan,Seattle Sounders FC,M,"$63,547","$77,547"
Dominguez,Cecilio,Austin FC,M-F,"$81,375","$287,375"
Dorsey,Griffin,Toronto FC,M,"$100,000","$119,000"
dos Santos,Jonathan,LA Galaxy,M,"$2,000,000","$2,000,000"
Dotson,Hassani,Minnesota United,M-D,"$63,547","$63,547"
Duenas,Erik,LAFC,D,"$63,547","$65,547"
Duke,Bryce,LAFC,M,"$81,375","$81,375"
Duke,Cameron,Sporting Kansas City,M,"$63,547","$66,547"
Dunbar,Cameron,LA Galaxy,F,"$90,000","$106,750"
Duncan,Kyle,New York Red Bulls,D,"$81,375","$81,375"
Dunn,Julian,Toronto FC,D,"$81,375","$81,375"
Duvall,Chris,Portland Timbers,D,"$81,375","$81,375"
Dwyer,Dom,Orlando City SC,F,"$1,452,000","$1,635,333"
Ebobisse,Jeremy,Portland Timbers,F,"$425,000","$516,250"
Edwards,Earl,DC United,GK,"$81,375","$84,708"
Edwards,Bobby,FC Cincinnati,GK,"$81,375","$81,375"
Edwards,Raheem,Minnesota United,D-M,"$81,375","$81,375"
Egbo,Mandelo,New York Red Bulls,D,"$252,000","$286,700"
Ejimadu,Philip,LAFC,GK,"$63,547","$63,547"
El-Mounir,Mohammed,LAFC,D,"$220,000","$242,667"
Elliott,Jack,Philadelphia Union,D,"$300,000","$315,000"
Emmings,Fred,Minnesota United,GK,"$63,547","$69,547"
Endoh,Tsubasa,Toronto FC,M,"$90,000","$95,333"
Escobar,Franco,Atlanta United,D,"$350,004","$350,004"
Esparza-Saldana,Adam,LA Galaxy,M,"$81,375","$87,309"
Espinoza,Cristian,San Jose Earthquakes,F,"$1,150,000","$1,265,000"
Espinoza,Roger,Sporting Kansas City,M,"$800,000","$800,000"
Etienne,Derrick,Columbus Crew,M,"$81,375","$81,375"
Facchineri,Gianfranco,Vancouver Whitecaps,D,"$63,547","$65,547"
Fagundez,Diego,New England Revolution,M,"$195,000","$215,000"
Fanni,Rod,Montreal Impact,D,"$235,000","$258,500"
Farfan,Marco,Portland Timbers,D,"$115,000","$115,000"
Farrell,Andrew,New England Revolution,D,"$237,192","$322,192"
Felipe,Luis,San Jose Earthquakes,M,"$100,000","$100,750"
Feltscher,Rolf,LA Galaxy,D,"$275,000","$299,650"
Ferdinand,Keesean,Montreal Impact,,"$63,547","$73,592"
Ferkranus,Marcus,LA Galaxy,D,"$75,000","$88,625"
Fernandes,Gerso,Sporting Kansas City,F,"$600,000","$600,000"
Fernandez,Omir,New York Red Bulls,M,"$90,000","$105,000"
Ferreira,Jesus,FC Dallas,F,"$450,000","$450,000"
Fierro,Carlos,San Jose Earthquakes,F,"$880,000","$938,800"
Figal,Jorge,Inter Miami,D,"$500,000","$530,000"
Figueroa,Maynor,Houston Dynamo,D,"$81,375","$81,375"
Finlay,Ethan,Minnesota United,M,"$425,004","$425,004"
Firmino,Nicolas,New England Revolution,M,"$81,375","$85,042"
Fisher,Oniel,DC United,D,"$130,000","$138,000"
Flores,Edison,DC United,M-F,"$1,600,000","$1,733,000"
Flores,Andres,Portland Timbers,M,"$81,375","$81,375"
Fontana,Anthony,Philadelphia Union,M,"$81,375","$89,793"
Fontas,Andreu,Sporting Kansas City,D,"$700,000","$700,000"
Ford,Kortne,Colorado Rapids,D,"$120,000","$120,000"
Francis,Waylon,Columbus Crew,D,"$200,000","$239,167"
Frankowski,Przemyslaw,Chicago Fire,M,"$625,000","$836,687"
Fraser,Liam,Toronto FC,M,"$81,375","$86,375"
Freeman,Tyler,Sporting Kansas City,F,"$81,375","$83,875"
Freese,Matt,Philadelphia Union,GK,"$75,000","$82,650"
Frei,Stefan,Seattle Sounders FC,GK,"$500,000","$512,500"
Fuenmayor,Alejandro,Houston Dynamo,D,"$152,250","$179,750"
Fuentes,Gilbert,San Jose Earthquakes,M,"$140,000","$158,750"
Gaddis,Ray,Philadelphia Union,D,"$195,000","$195,000"
Gallacher,Tony,Toronto FC,D,"$63,547","$72,000"
Gallagher,Jon,Atlanta United,F,"$81,375","$81,375"
Gallardo,Erickson,Toronto FC,M,"$275,004","$306,917"
Gallese,Pedro,Orlando City SC,GK,"$380,000","$380,000"
Galvan,Braian,Colorado Rapids,F,"$120,000","$212,375"
Garcia,Oscar Boniek,Houston Dynamo,M,"$200,000","$210,000"
Garcia,Chris,Real Salt Lake,F,"$63,547","$67,847"
Garza,Greg,FC Cincinnati,D,"$320,000","$320,000"
Gasper,Chase,Minnesota United,D,"$63,547","$63,547"
Gil,Carles,New England Revolution,M,"$2,100,000","$2,619,667"
Gimenez,Gaston,Chicago Fire,M,"$1,320,000","$1,870,667"
Ginella,Francisco,LAFC,M,"$360,000","$482,250"
Giraldo,Tomas,Montreal Impact,M,"$63,547","$72,304"
Glad,Justen,Real Salt Lake,D,"$450,000","$471,700"
Gleadle,Sam,Minnesota United,D,"$63,547","$63,547"
Glesnes,Jakob,Philadelphia Union,D,"$420,000","$443,125"
Godoy,Anibal,Nashville SC,M,"$650,000","$721,667"
Godoy,Erik,Vancouver Whitecaps,D,"$350,000","$350,000"
Gomez Andrade,Yeimar,Seattle Sounders FC,D,"$275,000","$362,000"
Gonzalez,Yony,LA Galaxy,F-M,"$1,266,667","$1,270,667"
Gonzalez,Omar,Toronto FC,D,"$720,000","$995,936"
Gonzalez,Giancarlo,LA Galaxy,D,"$750,000","$819,583"
Gonzalez Pirez,Leandro,Inter Miami,D,"$742,500","$902,750"
Gray,Tayvon,New York City FC,D,"$63,547","$83,334"
Gregus,Jan,Minnesota United,M,"$750,000","$883,500"
Gressel,Julian,DC United,M,"$500,000","$555,781"
Gutierrez,Brian,Chicago Fire,M,"$63,547","$65,447"
Gutierrez,Felipe,Sporting Kansas City,M,"$1,600,000","$1,650,000"
Gutierrez,Cristian,Vancouver Whitecaps,D,"$81,375","$98,875"
Gutjahr,Jeremiah,Chicago Fire,D,"$63,547","$63,547"
Gutman,Andrew,FC Cincinnati,D,"$100,000","$100,000"
Guzan,Brad,Atlanta United,GK,"$730,008","$790,008"
Gyau,Joe,FC Cincinnati,M,"$166,000","$186,473"
Haak,Justin,New York City FC,M,"$63,547","$63,547"
Haakenson,Luke,Nashville SC,M,"$63,547","$63,547"
Hagglund,Nick,FC Cincinnati,D,"$151,255","$160,880"
Hairston,Marlon,Minnesota United,M-D,"$200,004","$200,004"
Haji,Siad,San Jose Earthquakes,F,"$85,000","$94,000"
Halliday,Michael,Orlando City SC,D,"$81,375","$90,939"
Hamid,Bill,DC United,GK,"$500,000","$500,000"
Hamilton,Jordan,Columbus Crew,F,"$81,375","$81,375"
Hansen,Niko,Houston Dynamo,M,"$81,375","$88,875"
Harris,Wilson,Sporting Kansas City,F,"$63,547","$67,399"
Harvey,Carlos Miguel,LA Galaxy,D-M,"$63,547","$63,547"
Harvey,Jordan,LAFC,D,"$185,000","$185,000"
Hasal,Thomas,Vancouver Whitecaps,GK,"$63,547","$63,547"
Hayes,Jacori,Minnesota United,M,"$81,375","$88,875"
Hedges,Matt,FC Dallas,D,"$750,000","$750,000"
Herbers,Fabian,Chicago Fire,F,"$155,004","$155,004"
Hernandez,Javier,LA Galaxy,F,"$6,000,000","$6,000,000"
Hernandez,Felipe,Sporting Kansas City,M,"$63,547","$63,547"
Herrera,Aaron,Real Salt Lake,D,"$275,000","$303,794"
Higuain,Federico,Inter Miami,M-F,"$81,375","$81,375"
Higuain,Gonzalo,Inter Miami,F,"$1,457,148","$2,150,898"
Hoesen,Danny,San Jose Earthquakes,F,"$525,000","$574,667"
Hollingshead,Ryan,FC Dallas,D,"$315,000","$315,000"
Holt,Erik,Real Salt Lake,D,"$81,375","$81,375"
Hopeau,Shandon,Seattle Sounders FC,M,"$63,547","$71,183"
Hundley,Matt,Colorado Rapids,F,"$81,375","$90,375"
Hurtado,Erik,Sporting Kansas City,F,"$192,500","$198,750"
Hyndman,Emerson,Atlanta United,M,"$800,000","$800,000"
Ibarra,Miguel,Seattle Sounders FC,M-F,"$210,000","$210,000"
Ibeagha,Sebastien,New York City FC,D,"$100,000","$127,125"
Iloski,Milan,Real Salt Lake,F,"$81,375","$82,875"
Insua,Emiliano,LA Galaxy,D,"$350,000","$350,000"
Irwin,Clint,Colorado Rapids,GK,"$168,000","$180,707"
Ivacic,Aljaz,Portland Timbers,GK,"$165,000","$175,000"
Jackson,Niki,Colorado Rapids,F,"$81,375","$81,375"
Jackson-Hamel,Anthony,Montreal Impact,F,"$130,000","$144,000"
Jahn,Adam,Atlanta United,F,"$115,000","$124,000"
Jakovic,Dejan,LAFC,D,"$175,000","$175,000"
Jansson,Robin,Orlando City SC,D,"$288,000","$316,800"
Jara,Franco,FC Dallas,F,"$2,200,000","$2,887,000"
Jasson,Andres,New York City FC,F,"$81,375","$98,519"
Jensen,David,New York Red Bulls,GK,"$324,996","$364,631"
Jimenez,Hector,Columbus Crew,M,"$200,000","$200,000"
Johnson,Sean,New York City FC,GK,"$465,000","$465,000"
Johnston,Alistair,Nashville SC,M-D,"$63,547","$63,547"
Jones,Derrick,Nashville SC,M,"$125,000","$147,969"
Jones,DeJuan,New England Revolution,D-M,"$90,000","$94,938"
Jones,Alvin,Real Salt Lake,D,"$81,375","$81,375"
Jones,Joevin,Seattle Sounders FC,D-M,"$482,004","$528,671"
Jorgensen,Mathias,New York Red Bulls,F,"$300,000","$331,250"
Jungwirth,Florian,San Jose Earthquakes,D-M,"$525,000","$567,667"
Junqua,Sam,Houston Dynamo,D,"$63,547","$63,547"
Kallman,Brent,Minnesota United,D,"$200,000","$233,531"
Kamara,Ola,DC United,F,"$400,000","$420,000"
Kamara,Kei,Minnesota United,F,"$750,000","$750,000"
Kann,Alec,Atlanta United,GK,"$110,000","$110,000"
Kappelhof,Johan,Chicago Fire,D,"$575,000","$602,833"
Kashia,Guram,San Jose Earthquakes,D,"$640,000","$640,000"
Kaye,Mark-Anthony,LAFC,M,"$226,875","$238,438"
Keita,Aboubacar,Columbus Crew,D,"$100,000","$100,000"
Kelly,Jeremy,Colorado Rapids,D,"$81,375","$81,375"
Kempin,Jon,Columbus Crew,GK,"$81,375","$81,375"
Kessler,Henry,New England Revolution,D,"$81,375","$101,375"
Khmiri,Jasser,Vancouver Whitecaps,D,"$210,000","$210,000"
Kiesewetter,Jerome,Inter Miami,F,"$81,375","$81,375"
Kinda,Gadi,Sporting Kansas City,M,"$650,000","$718,000"
Kitchen,Perry,LA Galaxy,M,"$550,000","$574,167"
Kizza,Mustafa,Montreal Impact,,"$150,000","$166,800"
Klinsmann,Jonathan,LA Galaxy,GK,"$81,375","$81,375"
Kljestan,Sacha,LA Galaxy,M,"$307,000","$307,000"
Knighton,Brad,New England Revolution,GK,"$130,000","$136,750"
Koreniuk,Kai,LA Galaxy,M-F,"$63,547","$63,547"
Kovacevic,Franko,FC Cincinnati,F,"$282,000","$282,000"
Kreilach,Damir,Real Salt Lake,M,"$1,168,769","$1,282,102"
Krkic,Bojan,Montreal Impact,M,"$1,500,000","$1,799,572"
Kronholm,Kenneth,Chicago Fire,GK,"$433,200","$496,200"
Kubo,Yuya,FC Cincinnati,F,"$1,000,000","$1,122,500"
Kunga,Lagos,Atlanta United,M-F,"$81,375","$84,375"
Kuzain,Wan,Sporting Kansas City,M,"$81,375","$81,375"
LaGrassa,Matt,Nashville SC,M,"$81,375","$81,375"
Lampson,Matt,Columbus Crew,GK,"$81,375","$81,375"
Lancaster,Cameron,Nashville SC,F,"$130,000","$137,816"
Langsdorf,Foster,Minnesota United,F,"$81,375","$81,375"
Lappalainen,Lassi,Montreal Impact,M,"$322,881","$322,881"
Larentowicz,Jeff,Atlanta United,M-D,"$280,000","$280,000"
Laryea,Richie,Toronto FC,M,"$81,375","$108,328"
Lassiter,Ariel,Houston Dynamo,F,"$144,000","$164,280"
Leal,Randall,Nashville SC,F-M,"$360,000","$417,750"
Leerdam,Kelvin,Seattle Sounders FC,D,"$650,000","$700,000"
Lema,Chris,New York Red Bulls,M,"$63,547","$63,547"
Lemoine,Nico,Houston Dynamo,F,"$63,547","$63,547"
Lennon,Brooks,Atlanta United,D,"$325,000","$325,000"
Leone,Antonio,LAFC,D-M,"$63,547","$65,547"
Lewis,Jonathan,Colorado Rapids,F,"$117,500","$155,000"
Leyva,Danny,Seattle Sounders FC,M,"$63,547","$83,052"
Lillard,Grant,Columbus Crew,D,"$110,000","$112,500"
Lima,Artur,Columbus Crew,M,"$444,000","$495,633"
Lima,Nick,San Jose Earthquakes,D,"$225,000","$243,438"
Lindsey,Jaylin,Sporting Kansas City,D,"$81,375","$84,375"
Lletget,Sebastian,LA Galaxy,M,"$775,000","$898,750"
Locadia,Jurgen,FC Cincinnati,F,"$2,000,000","$2,312,500"
Lod,Robin,Minnesota United,M-F,"$849,996","$952,496"
Lodeiro,Nicolas,Seattle Sounders FC,M,"$2,120,000","$2,622,500"
Loera,David,Orlando City SC,M,"$90,000","$92,500"
Long,Aaron,New York Red Bulls,D,"$835,000","$865,000"
Lopez,Eric,LA Galaxy,GK,"$81,375","$81,375"
Lopez,Marcos,San Jose Earthquakes,D,"$300,000","$340,250"
Loría,Marvin,Portland Timbers,M,"$81,375","$81,375"
Lovitz,Daniel,Nashville SC,D,"$365,000","$395,556"
Luiz,Everton,Real Salt Lake,M,"$1,080,000","$1,180,000"
Lundkvist,Adam,Houston Dynamo,D,"$280,000","$308,750"
Lundt,Ben,FC Cincinnati,GK,"$81,375","$84,784"
Lyon,Charlie,Major League Soccer,GK,"$81,375","$81,375"
Mabiala,Larrys,Portland Timbers,D,"$799,992","$843,325"
Maciel,Emanuel,Montreal Impact,M,"$81,375","$93,004"
Mackay-Steven,Gary,New York City FC,M,"$260,000","$274,833"
MacMath,Zac,Real Salt Lake,GK,"$200,000","$200,000"
Maher,Jack,Nashville SC,D,"$100,000","$134,000"
Makoun,Christian,Inter Miami,D-M,"$150,000","$150,000"
Mancienne,Michael,New England Revolution,D,"$400,000","$440,000"
Manneh,Kekuta,New England Revolution,F,"$475,000","$491,667"
Manotas,Mauro,Houston Dynamo,F,"$1,200,000","$1,345,000"
Marcinkowski,JT,San Jose Earthquakes,GK,"$150,000","$162,000"
Maric,Marko,Houston Dynamo,GK,"$450,000","$498,250"
Marie,Paul,San Jose Earthquakes,D,"$81,375","$81,375"
Marshall-Rutty,Jahkeele,Toronto FC,F,"$63,547","$70,389"
Martinez,Josef,Atlanta United,F,"$3,250,000","$3,308,333"
Martinez,Tomas,Houston Dynamo,M,"$450,000","$632,925"
Martinez,Jose Andres,Philadelphia Union,M,"$125,000","$140,125"
Martinez,Doug,Real Salt Lake,F,"$63,547","$63,547"
Martins,Felipe,DC United,M,"$530,000","$530,000"
Martins,Luis,Sporting Kansas City,D,"$360,000","$360,000"
Matarrita,Ronald,New York City FC,D,"$350,000","$470,000"
Mattocks,Darren,FC Cincinnati,F,"$520,000","$520,000"
Matuidi,Blaise,Inter Miami,M,"$1,333,332","$1,333,332"
Maurer,Jimmy,FC Dallas,GK,"$137,500","$140,000"
Mavinga,Chris,Toronto FC,D,"$750,000","$787,500"
Mbaizo,Olivier,Philadelphia Union,D,"$81,375","$81,375"
McCabe,Tommy,FC Cincinnati,M,"$63,547","$63,547"
McCarthy,John,Inter Miami,GK,"$105,000","$111,583"
McCarty,Dax,Nashville SC,M,"$700,000","$700,000"
McCue,Erik,Houston Dynamo,D,"$63,547","$63,547"
McGraw,Zac,Portland Timbers,D,"$63,547","$63,547"
Mcgree,Riley,Major League Soccer,M,"$170,000","$180,000"
McIntosh,Kendall,New York Red Bulls,GK,"$81,375","$81,375"
McKenzie,Mark,Philadelphia Union,D,"$220,000","$257,000"
McLaughlin,Jimmy,FC Cincinnati,M,"$81,375","$81,375"
McNamara,Thomas,New England Revolution,M,"$175,000","$175,000"
Meara,Ryan,New York Red Bulls,GK,"$237,000","$237,000"
Medina,Jesus,New York City FC,M,"$850,000","$970,833"
Medran,Alvaro,Chicago Fire,M,"$1,000,000","$1,055,000"
Medranda,Jimmy,Seattle Sounders FC,M-D,"$170,504","$170,504"
Medunjanin,Haris,FC Cincinnati,M,"$545,000","$600,750"
Megiolaro,Phelipe,FC Dallas,GK,"$100,000","$119,000"
Melia,Tim,Sporting Kansas City,GK,"$350,000","$354,167"
Méndez,Jhegson Sebastián,Orlando City SC,M,"$500,000","$536,750"
Mensah,Jonathan,Columbus Crew,D,"$800,004","$894,004"
Meram,Justin,Real Salt Lake,M,"$425,000","$425,000"
Meredith,Bryan,Vancouver Whitecaps,GK,"$81,375","$81,375"
Metanire,Romain,Minnesota United,D,"$400,000","$499,250"
Metcalfe,Patrick,Vancouver Whitecaps,M,"$63,547","$63,547"
Meza,Fernando,Atlanta United,D,"$880,000","$880,000"
Mezquida,Nicolas,Colorado Rapids,M,"$350,000","$380,000"
Michel,Benji,Orlando City SC,F,"$95,000","$101,250"
Mihailovic,Djordje,Chicago Fire,M,"$126,000","$129,600"
Milinkovic,David,Vancouver Whitecaps,M,"$180,000","$200,000"
Miller,Tyler,Minnesota United,GK,"$375,000","$395,938"
Miller,Eric,Nashville SC,D,"$124,675","$140,550"
Miller,Kamal,Orlando City SC,D,"$63,547","$63,547"
Mina Nazarit,Miguel,Nashville SC,D,"$350,000","$544,375"
Mines,Ben,New York Red Bulls,M,"$81,375","$87,389"
Mior,Joao Paulo,Seattle Sounders FC,M,"$1,000,000","$1,050,000"
Mitrita,Alexandru,New York City FC,F,"$600,000","$600,000"
Mlinar Delamea,Antonio,New England Revolution,D,"$450,000","$450,000"
Mokhtar,Youness,Columbus Crew,M,"$484,992","$558,841"
Mokotjo,Kamohelo,FC Cincinnati,D-M,"$850,000","$932,969"
Molino,Kevin,Minnesota United,M,"$525,000","$571,250"
Monis,Alex,Chicago Fire,F,"$63,547","$65,447"
Monteiro,Jamiro,Philadelphia Union,M,"$1,300,000","$1,476,250"
Montero,Fredy,Vancouver Whitecaps,F,"$1,048,000","$1,248,000"
Montgomery,Callum,FC Dallas,D,"$81,375","$81,375"
Moor,Drew,Colorado Rapids,D,"$250,000","$259,000"
Moore,Brendan,Atlanta United,GK,"$81,375","$81,375"
Mora,Joseph,DC United,D,"$160,000","$174,250"
Mora,Felipe,Portland Timbers,F,"$686,250","$765,833"
Moralez,Maxi,New York City FC,M,"$2,750,000","$3,535,000"
Moreno,Marcelino,Atlanta United,F-M,"$342,857","$342,857"
Moreno,Junior,DC United,M,"$160,000","$169,500"
Morgan,Lewis,Inter Miami,M-F,"$325,000","$331,250"
Morgan,Ashtone,Real Salt Lake,D,"$81,375","$81,375"
Morris,Aidan,Columbus Crew,M,"$125,000","$127,000"
Morris,Jordan,Seattle Sounders FC,F,"$1,000,000","$1,120,100"
Morrow,Justin,Toronto FC,D,"$400,000","$400,000"
Mosquera,Santiago,FC Dallas,M,"$550,000","$641,400"
Moutinho,Joao,Orlando City SC,D,"$150,000","$193,000"
Mueller,Chris,Orlando City SC,M,"$107,578","$121,328"
Mukhtar,Hany,Nashville SC,M,"$1,397,500","$1,397,500"
Mukumbilwa,Georges,Vancouver Whitecaps,M-D,"$63,547","$63,547"
Mulholland,Luke,Real Salt Lake,M,"$81,375","$81,375"
Mullins,Patrick,Toronto FC,F,"$178,000","$191,333"
Mulraney,Jake,Atlanta United,M,"$225,652","$262,829"
Munjoma,Eddie,FC Dallas,D,"$63,547","$63,547"
Murillo,Jesus,LAFC,D,"$120,000","$179,500"
Musa,James,Minnesota United,M-D,"$81,375","$87,545"
Muse,Trey,Seattle Sounders FC,GK,"$73,763","$82,513"
Musovski,Danny,LAFC,F,"$81,375","$81,375"
Muyl,Alex,Nashville SC,M,"$220,000","$226,562"
N'dam,Hassan,FC Cincinnati,D,"$81,375","$81,375"
Nagbe,Darlington,Columbus Crew,M,"$1,530,000","$1,530,000"
Najar,Andy,LAFC,D,"$200,000","$200,000"
Namli,Younes,Colorado Rapids,M,"$750,000","$1,171,000"
Nani,Luis,Orlando City SC,F,"$2,333,333","$2,486,250"
Navarro,Miguel Angel,Chicago Fire,D,"$81,375","$128,375"
Neal,Jalen,LA Galaxy,D,"$75,000","$88,625"
Nealis,Dylan,Inter Miami,D,"$90,000","$115,000"
Nealis,Sean,New York Red Bulls,D,"$63,547","$63,547"
Nelson,John,FC Dallas,D,"$95,000","$103,000"
Nelson,Michael,Houston Dynamo,GK,"$81,375","$81,375"
Nelson,Jayden,Toronto FC,F,"$63,547","$70,132"
Nemeth,Krisztian,Columbus Crew,F,"$375,000","$405,000"
Nerwinski,Jake,Vancouver Whitecaps,D,"$158,400","$162,525"
Ngalina,Michee,Philadelphia Union,F,"$63,547","$63,547"
Nguyen,Lee,New England Revolution,M,"$525,000","$530,000"
Niezgoda,Jaroslaw,Portland Timbers,F,"$705,500","$874,758"
Norman,David,Inter Miami,M,"$81,375","$82,375"
Nyeman,Moses,DC United,M,"$81,375","$84,161"
O'Neill,Shane,Seattle Sounders FC,D,"$81,375","$81,375"
Ocampo-Chavez,Alfonso,Seattle Sounders FC,F,"$63,547","$78,047"
Ochoa,David,Real Salt Lake,GK,"$73,763","$73,763"
Ochoa,Emmanuel,San Jose Earthquakes,GK,"$63,547","$73,759"
Odoi-Atsem,Chris,DC United,D,"$81,375","$81,375"
Okello,Noble,Toronto FC,M,"$81,375","$93,190"
Okwonkwo,Orji,Montreal Impact,F,"$200,000","$220,000"
Omsberg,Wyatt,Chicago Fire,D,"$81,375","$81,375"
Onuoha,Nedum,Real Salt Lake,D,"$549,996","$603,996"
Opara,Ike,Minnesota United,D,"$550,000","$635,333"
Opoku,Kwadwo,LAFC,F-M,"$81,375","$122,430"
Oravec,Matej,Philadelphia Union,M,"$240,000","$254,500"
Ortiz Flores,Rey,FC Cincinnati,M,"$63,547","$63,547"
Osorio,Jonathan,Toronto FC,M,"$800,000","$826,250"
Owusu,Leonard,Vancouver Whitecaps,M,"$300,000","$351,250"
Palacios,Diego,LAFC,D,"$324,000","$348,000"
Palomino,Marcelo,Houston Dynamo,F,"$63,547","$63,547"
Panicco,Elliot,Nashville SC,GK,"$63,547","$63,547"
Pantemis,James,Montreal Impact,GK,"$81,375","$81,375"
Paredes,Kevin,DC United,M,"$100,000","$108,000"
Paredes,Cristhian,Portland Timbers,M,"$252,000","$283,500"
Parker,Tim,New York Red Bulls,D,"$788,200","$802,200"
Parks,Keaton,New York City FC,M,"$300,000","$300,000"
Partida,Kevin,Minnesota United,M,"$81,375","$81,375"
Patino,Santiago,Orlando City SC,F,"$81,375","$85,673"
Patterson-Sewell,Caleb,Major League Soccer,GK,"$81,375","$81,375"
Pavon,Cristian,LA Galaxy,F,"$1,500,000","$1,500,000"
Pecile,Damiano,Vancouver Whitecaps,M,"$63,547","$69,885"
Pellegrini,Matias,Inter Miami,M-F,"$675,000","$770,833"
Pena,Ronaldo,Houston Dynamo,F,"$275,000","$275,000"
Pendant,Jason,New York Red Bulls,D,"$305,000","$365,750"
Penilla,Cristian,New England Revolution,M-F,"$600,000","$650,000"
Pepi,Ricardo,FC Dallas,F,"$84,000","$102,000"
Perea,Andres,Orlando City SC,M,"$144,000","$149,500"
Pereyra,Mauricio,Orlando City SC,M,"$960,000","$1,078,000"
Perez,Jonathan,LA Galaxy,M,"$90,000","$111,750"
Perez,Adrien,LAFC,F,"$81,375","$81,375"
Pettersson,Tom,FC Cincinnati,D,"$300,000","$343,233"
Piatti,Pablo,Toronto FC,F,"$2,400,000","$2,720,000"
Picault,Fafa,FC Dallas,F,"$430,000","$430,000"
Piette,Samuel,Montreal Impact,M,"$400,000","$429,312"
Pineda,Mauricio,Chicago Fire,M,"$90,000","$92,500"
Pines,Donovan,DC United,D,"$115,000","$117,000"
Pizarro,Rodolfo,Inter Miami,M-F,"$3,050,000","$3,350,000"
Polo,Andy,Portland Timbers,M,"$150,000","$150,000"
Polster,Matt,New England Revolution,D-M,"$275,000","$303,438"
Pomykal,Paxton,FC Dallas,M,"$500,000","$500,000"
Portillo,Justin,Real Salt Lake,M,"$81,375","$81,375"
Powell,Alvas,Inter Miami,D,"$265,000","$281,625"
Pozuelo,Alejandro,Toronto FC,M,"$3,800,000","$4,693,000"
Price,Jack,Colorado Rapids,M,"$500,000","$555,625"
Priso,Ralph,Toronto FC,M,"$63,547","$67,298"
Przybylko,Kacper,Philadelphia Union,F,"$775,000","$856,875"
Pulido Izaguirre,Alan,Sporting Kansas City,F,"$2,200,000","$2,200,000"
Pulskamp,John,Sporting Kansas City,GK,"$63,547","$66,047"
Puncec,Roberto,Sporting Kansas City,D,"$500,000","$500,000"
Putna,Andrew,Real Salt Lake,GK,"$81,375","$81,375"
Qazaishvili,"Valeri ""Vako""",San Jose Earthquakes,F,"$1,625,004","$1,754,042"
Quintero,Darwin,Houston Dynamo,F,"$1,352,055","$1,352,055"
Quinteros,Jairo,Inter Miami,D,"$63,547","$63,547"
Quioto,Romell,Montreal Impact,F,"$510,000","$559,833"
Raitala,Jukka,Montreal Impact,D,"$260,000","$300,500"
Ramirez,Christian,Houston Dynamo,F,"$700,000","$766,250"
Ramirez Chacon,Jeizon,Real Salt Lake,M,"$330,000","$371,250"
Ranjitsingh,Gregory,Minnesota United,GK,"$81,375","$87,684"
Raposo,Ryan,Vancouver Whitecaps,M,"$81,375","$95,375"
Rawls,Andre,Colorado Rapids,GK,"$81,375","$87,375"
Real,Matthew,Philadelphia Union,D,"$81,375","$81,375"
Reid,Winston,Sporting Kansas City,D,"$100,000","$104,167"
Remedi,Eric,Atlanta United,M,"$390,000","$390,000"
Rennicks,Justin,New England Revolution,F,"$90,000","$100,000"
Reyes,Andres,Inter Miami,D,"$350,000","$362,500"
Reyna,Yordy,DC United,M-F,"$680,000","$743,140"
Reynolds,Andre,Chicago Fire,D,"$70,000","$78,000"
Reynolds,Bryan,FC Dallas,D,"$105,000","$105,000"
Reynoso,Emanuel,Minnesota United,M,"$650,000","$866,910"
Ricaurte,Andres,FC Dallas,M,"$300,000","$337,178"
Richey,Spencer,FC Cincinnati,GK,"$81,375","$81,375"
Ricketts,Tosaint,Vancouver Whitecaps,F,"$150,000","$155,000"
Ring,Alexander,New York City FC,M,"$950,000","$1,045,000"
Rios,Daniel,Nashville SC,F,"$120,000","$131,625"
Rios,Andres,San Jose Earthquakes,F,"$930,000","$999,250"
Rivas,Gelmin,DC United,F,"$81,375","$96,013"
Rivera,Damian,New England Revolution,M,"$63,547","$63,547"
Roberts,Thomas,FC Dallas,M,"$120,000","$133,000"
Robinson,Miles,Atlanta United,D,"$600,000","$637,500"
Robinson,Robbie,Inter Miami,F,"$100,000","$145,000"
Robles,Luis,Inter Miami,GK,"$375,000","$395,000"
Rocha,Tony,New York City FC,M,"$81,375","$81,375"
Rodriguez,Allan,Chicago Fire,M,"$63,547","$65,447"
Rodriguez,Abraham,Colorado Rapids,GK,"$63,547","$63,547"
Rodriguez,Memo,Houston Dynamo,M,"$184,908","$210,843"
Rodriguez,Brian,LAFC,F,"$700,000","$1,039,800"
Roldan,Cristian,Seattle Sounders FC,M,"$660,000","$781,542"
Roldan,Alex,Seattle Sounders FC,M-D,"$81,375","$81,375"
Romeo,"Antonio ""Rocco""",Toronto FC,D,"$77,250","$80,641"
Romney,Dave,Nashville SC,D,"$155,000","$171,950"
Room,Eloy,Columbus Crew,GK,"$350,004","$404,698"
Rose,Andy,Vancouver Whitecaps,M,"$230,000","$230,000"
Rosell,Oriol,Orlando City SC,M,"$425,000","$425,000"
Rosenberry,Keegan,Colorado Rapids,D,"$250,000","$263,750"
Rossetto,Matheus,Atlanta United,M,"$600,000","$712,500"
Rossi,Diego,LAFC,F,"$1,000,000","$1,052,000"
Rossi,Giuseppe,Real Salt Lake,F,"$300,000","$312,500"
Rowe,Kelyn,New England Revolution,M,"$310,610","$310,610"
Rowe,Brian,Orlando City SC,GK,"$110,000","$113,000"
Royer,Daniel,New York Red Bulls,M,"$700,000","$768,750"
Rubio Kostner,Diego,Colorado Rapids,F,"$500,000","$528,750"
Ruidiaz,Raul,Seattle Sounders FC,F,"$2,040,000","$2,040,000"
Ruiz,Sergio,Major League Soccer,M,"$300,000","$363,000"
Ruiz,Pablo,Real Salt Lake,M,"$219,996","$240,996"
Rusnak,Albert,Real Salt Lake,M,"$1,850,000","$2,051,667"
Russell,Johnny,Sporting Kansas City,F,"$1,550,000","$1,550,000"
Rzatkowski,Marc,New York Red Bulls,M,"$400,000","$443,333"
Saba,Steeven,Montreal Impact,D,"$81,375","$85,542"
Salazar,Michael,Houston Dynamo,F,"$81,375","$81,375"
Salinas,Shea,San Jose Earthquakes,F,"$275,000","$275,000"
Salloi,Daniel,Sporting Kansas City,F,"$350,000","$406,667"
Sanchez,Richard,Sporting Kansas City,GK,"$175,000","$177,500"
Sanchez,Ilie,Sporting Kansas City,M,"$900,000","$900,000"
Sands,James,New York City FC,D-M,"$125,000","$125,000"
Santos,Pedro,Columbus Crew,M,"$817,560","$864,560"
Santos,Thiago,FC Dallas,M,"$722,728","$838,182"
Santos,Sergio,Philadelphia Union,F,"$630,000","$698,500"
Sapong,CJ,Chicago Fire,F,"$700,000","$700,000"
Scally,Joe,New York City FC,D,"$81,375","$103,192"
Schlegel,Rodrigo,Orlando City SC,D,"$81,375","$88,800"
Schmitt,Tate,Real Salt Lake,F,"$81,375","$81,375"
Schoenfeld,Aaron,Minnesota United,F,"$236,250","$238,750"
Scott,Brady,Nashville SC,GK,"$81,375","$87,611"
Seagrist,Patrick,New York Red Bulls,D,"$63,547","$67,179"
Sealy,Dante,FC Dallas,F,"$90,000","$103,400"
Segbers,Mark,LAFC,D,"$81,375","$81,375"
Segura,Ulises,DC United,M,"$215,000","$229,250"
Segura,Eddie,LAFC,D,"$215,000","$239,000"
Seitz,Chris,DC United,GK,"$150,000","$150,000"
Sejdic,Amar,Montreal Impact,M,"$63,547","$63,547"
Sekulic,Boris,Chicago Fire,D,"$300,000","$372,900"
Servania,Brandon,FC Dallas,M,"$192,000","$233,000"
Shaffelburg,Jacob,Toronto FC,M-F,"$76,000","$82,500"
Shea,Brek,Inter Miami,M-D,"$81,375","$81,375"
Shelton,Khiry,Sporting Kansas City,F,"$200,000","$200,000"
Shinyashiki,Andre,Colorado Rapids,F,"$95,625","$105,625"
Shome,Shamit,Montreal Impact,M,"$150,000","$177,500"
Shuttleworth,Bobby,Chicago Fire,GK,"$105,000","$115,750"
Silva,Marcelo,Real Salt Lake,D,"$525,000","$571,667"
Silva,Kevin,Toronto FC,GK,"$63,547","$63,547"
Sinovic,Seth,New England Revolution,D,"$145,000","$153,000"
Sirois,Jonathan,Montreal Impact,GK,"$63,547","$68,230"
Sisniega,Pablo,LAFC,GK,"$105,000","$105,000"
Sjoberg,Axel,DC United,D,"$200,004","$205,004"
Skahan,Jack,San Jose Earthquakes,M,"$63,547","$63,547"
Skjelvik,Jorgen,LA Galaxy,D,"$1,100,000","$1,150,000"
Slonina,Gabriel,Chicago Fire,GK,"$75,000","$79,800"
Slonina,Nicholas,Chicago Fire,D,"$63,547","$64,797"
Smith,Kyle,Orlando City SC,D,"$81,375","$81,375"
Smith,Brad,Seattle Sounders FC,D,"$81,375","$122,625"
Smith,Graham,Sporting Kansas City,D,"$81,375","$81,375"
Sorga,Erik,DC United,F,"$120,000","$143,000"
Sparrow,Connor,Chicago Fire,GK,"$81,375","$81,375"
St. Clair,Dayne,Minnesota United,GK,"$81,375","$85,895"
Stajduhar,Mason,Orlando City SC,GK,"$81,375","$81,375"
Stanko,Caleb,FC Cincinnati,M,"$429,000","$482,333"
Steres,Daniel,LA Galaxy,D,"$300,000","$318,750"
Stojanovic,Luka,Chicago Fire,M,"$298,908","$358,308"
Stroud,Jared,New York Red Bulls,M,"$63,547","$63,547"
Struna,"Aljaz ""Kiki""",Houston Dynamo,D,"$1,100,000","$1,210,000"
Stuver,Brad,New York City FC,GK,"$125,000","$125,000"
Sunderland,Beckham,FC Cincinnati,GK,"$63,547","$67,610"
Svensson,Gustav,Seattle Sounders FC,M-D,"$570,000","$600,000"
Sweat,Ben,Inter Miami,D,"$250,000","$250,000"
Tabla,Ballou,Montreal Impact,M,"$225,000","$251,250"
Tajouri-Shradi,Ismael,New York City FC,F,"$550,000","$591,485"
Tarbell,Andrew,Columbus Crew,GK,"$190,000","$225,000"
Tarek,Amro,New York Red Bulls,D,"$350,000","$350,000"
Teibert,Russell,Vancouver Whitecaps,M,"$200,000","$220,000"
Teixeira,Ruan,Orlando City SC,D,"$180,000","$180,000"
Teran,Carlos,Chicago Fire,D,"$81,375","$136,815"
Tessmann,Tanner,FC Dallas,M,"$85,000","$90,125"
Tetteh,Samuel,New York Red Bulls,F,"$322,500","$386,580"
Thompson,Tommy,San Jose Earthquakes,D,"$225,000","$225,000"
Thorarinson,Gudmundur,New York City FC,D-M,"$355,000","$355,000"
Tinnerholm,Anton,New York City FC,D,"$600,000","$650,000"
Toia,Donny,Real Salt Lake,D,"$185,000","$190,000"
Tolkin,John,New York Red Bulls,D,"$63,547","$68,547"
Tolo,Nouhou,Seattle Sounders FC,D,"$88,200","$108,200"
Torres,Erick,Atlanta United,F,"$218,400","$277,683"
Torres,Christian,LAFC,F,"$63,547","$74,647"
Torres,Juan Pablo,New York City FC,M,"$130,000","$144,500"
Torres,Roman,Seattle Sounders FC,D,"$263,000","$289,300"
Toye,Mason,Montreal Impact,F,"$145,000","$178,000"
Traore,Diedie,LA Galaxy,D,"$63,547","$63,547"
Traore,Mohamed,LAFC,D,"$81,375","$81,375"
Trapp,Wil,Inter Miami,M,"$600,000","$643,750"
Tribbett,Ken,Nashville SC,D-M,"$81,375","$81,375"
Trusty,Auston,Colorado Rapids,D,"$325,000","$381,250"
Tuiloma,Bill,Portland Timbers,D-M,"$200,000","$214,125"
Turner,Matt,New England Revolution,GK,"$200,000","$200,000"
Turner,Cole,Philadelphia Union,M,"$81,375","$84,375"
Twumasi,Ema,FC Dallas,F,"$165,000","$211,900"
Tyton,Przemyslaw,FC Cincinnati,GK,"$272,950","$369,638"
Ulloa,Victor,Inter Miami,M,"$210,000","$210,000"
Ulysse,Denso,Inter Miami,D,"$63,547","$63,547"
Urruti,Maximiliano,Montreal Impact,F,"$1,400,000","$1,601,000"
Valentin,Zarek,Houston Dynamo,D,"$175,000","$175,000"
Valenzuela,Milton,Columbus Crew,D,"$320,000","$351,300"
Valeri,Diego,Portland Timbers,M,"$680,000","$829,875"
Valot,Florian,New York Red Bulls,M,"$81,375","$85,190"
Van Der Werff,Maikel,FC Cincinnati,D,"$650,000","$735,167"
Vazquez,Brandon,FC Cincinnati,F,"$200,004","$216,004"
Vazquez,Julian,Real Salt Lake,F,"$72,500","$72,500"
Vega,Daniel,San Jose Earthquakes,GK,"$248,000","$253,000"
Vela,Carlos,LAFC,F,"$4,500,000","$6,300,000"
Vera,Matias Gabriel,Houston Dynamo,M,"$300,000","$306,250"
Verfurth,Collin,New England Revolution,D,"$63,547","$63,547"
Vermeer,Kenneth,LAFC,GK,"$500,000","$506,000"
Veselinovic,Ranko,Vancouver Whitecaps,D,"$360,000","$445,500"
Villafaña,Jorge,Portland Timbers,D,"$600,000","$617,500"
Vines,Sam,Colorado Rapids,D,"$105,000","$106,250"
Vint,Will,Colorado Rapids,D,"$63,547","$63,547"
Vom Steeg,Justin,LA Galaxy,GK,"$81,375","$81,375"
Wagner,Kai,Philadelphia Union,D,"$348,000","$390,150"
Walkes,Anton,Atlanta United,D,"$200,000","$225,063"
Walls,Casey,San Jose Earthquakes,D,"$81,375","$84,375"
Wanyama,Victor,Montreal Impact,M,"$2,416,107","$3,107,774"
Warner,Collen,Colorado Rapids,M,"$81,375","$81,375"
Washington,Taylor,Nashville SC,D-M,"$81,375","$81,375"
Waston,Kendall,FC Cincinnati,D,"$800,000","$826,667"
Waterman,Joel,Montreal Impact,D,"$81,375","$90,284"
Westberg,Quentin,Toronto FC,GK,"$240,000","$253,333"
White,Brian,New York Red Bulls,F,"$189,000","$189,000"
Wild,Gordon,LA Galaxy,M-D,"$81,375","$81,375"
Williams,JJ,Atlanta United,F,"$110,000","$144,750"
Williams,Josh,Columbus Crew,D,"$240,000","$240,000"
Williamson,Eryk,Portland Timbers,M,"$130,000","$146,500"
Willis,Joe,Nashville SC,GK,"$180,000","$187,833"
Wilson,Danny,Colorado Rapids,D,"$500,000","$540,000"
Winn,Alan,Nashville SC,F-M,"$63,547","$63,547"
Wolff,Tyler,Atlanta United,F-M,"$63,547","$68,047"
Wondolowski,Chris,San Jose Earthquakes,F,"$430,000","$440,000"
Wooten,Andrew,Philadelphia Union,F,"$600,000","$685,833"
Wormgoor,Vito,Columbus Crew,D,"$315,000","$392,875"
Wright-Phillips,Bradley,LAFC,F,"$300,000","$342,500"
Wyke,Laurence,Atlanta United,M,"$63,547","$63,547"
Yao,Karifa,Montreal Impact,D,"$63,547","$67,763"
Yarbrough,William,Colorado Rapids,GK,"$120,000","$120,000"
Yearwood,Dru,New York Red Bulls,M,"$450,000","$494,750"
Yow,Griffin,DC United,F,"$90,000","$96,118"
Yueill,Jackson,San Jose Earthquakes,M,"$163,125","$215,125"
Zahibo,Wilfred,Houston Dynamo,M,"$522,000","$592,000"
Zambrano,Renzo,Portland Timbers,M,"$81,375","$81,375"
Zardes,Gyasi,Columbus Crew,F,"$1,300,000","$1,350,000"
Zavaleta,Eriq,Toronto FC,D,"$275,004","$296,962"
Zelalem,Gedion,New York City FC,M,"$63,547","$63,547"
Zelarayan,Lucas,Columbus Crew,M,"$1,575,000","$1,940,000"
Zendejas,Adrian,Minnesota United,GK,"$81,375","$81,375"
Ziegler,Reto,FC Dallas,D,"$950,000","$1,000,000"
Zimmerman,Walker,Nashville SC,D,"$778,000","$834,050"
Zobeck,Kyle,FC Dallas,GK,"$81,375","$81,375"
Zubak,Ethan,LA Galaxy,F,"$90,000","$93,125"
Zuparic,Dario,Portland Timbers,D,"$400,000","$416,667"
Zusi,Graham,Sporting Kansas City,D,"$650,000","$713,333"
"",Kaku,New York Red Bulls,M,"$850,000","$850,000"
"",Robinho,Orlando City SC,M,"$198,000","$205,500"
"",Ilsinho,Philadelphia Union,M,"$425,000","$476,250"
"",Judson,San Jose Earthquakes,M,"$320,000","$325,000"
"",Auro,Toronto FC,D,"$300,000","$328,750"
