First Name,Last Name,Club,Position(s),Base Salary,Guaranteed Compensation
Liel,Abada,Charlotte FC,Right Wing,"$2,300,000.00","$2,448,500.00"
Luis,Abram,Atlanta United,Center-back,"$732,275.00","$871,888.00"
Lalas,Abubakar,Colorado Rapids,Center-back,"$665,000.00","$702,125.00"
Nicolás,Acevedo,New York City FC,Defensive Midfield,"$300,000.00","$344,800.00"
Kellyn,Acosta,Chicago Fire,Defensive Midfield,"$1,392,188.00","$1,558,869.00"
Luciano,Acosta,FC Cincinnati,Attacking Midfield,"$2,960,000.00","$4,216,413.00"
Jordan,Adebayo-Smith,Minnesota United,Center Forward,"$71,401.00","$88,621.00"
Sam,Adekugbe,Vancouver Whitecaps,Left-back,"$825,000.00","$913,000.00"
Samuel,Adeniran,St. Louis City SC,Center Forward,"$93,988.00","$93,988.00"
Leo,Afonso,Inter Miami,Center Forward,"$71,401.00","$71,401.00"
Stephen,Afrifa,Sporting Kansas City,Center Forward,"$71,401.00","$71,401.00"
Willy,Agada,Sporting Kansas City,Center Forward,"$475,000.00","$521,875.00"
London,Aghedo,FC Cincinnati,Center-back,"$71,401.00","$71,401.00"
Daniel,Aguirre,LA Galaxy,Central Midfield,"$93,988.00","$93,988.00"
Patrick,Agyemang,Charlotte FC,Center Forward,"$71,401.00","$71,401.00"
Ali,Ahmed,Vancouver Whitecaps,Central Midfield,"$100,000.00","$109,375.00"
Forster,Ajago,Nashville SC,Forward,"$71,401.00","$71,401.00"
Carlos,Akapo,San Jose Earthquakes,Right-back,"$550,000.00","$595,111.00"
Matai,Akinmboni,DC United,Center-back,"$89,716.00","$99,216.00"
Ayo,Akinola,Toronto FC,Center Forward,"$775,000.00","$846,875.00"
Joey,Akpunonu,FC Cincinnati,Center-back,"$71,401.00","$73,901.00"
Jordi,Alba,Inter Miami,Left-back,"$1,250,000.00","$1,500,000.00"
Davi,Alexandre,New York Red Bulls,Center-back,"$71,401.00","$86,111.00"
Caio,Alexandre Souza e Silva,Vancouver Whitecaps,Defensive Midfield,"$680,000.00","$742,500.00"
Ibrahim,Aliyu,Houston Dynamo,Center Forward,"$450,000.00","$501,379.00"
Noah,Allen,Inter Miami,Left-back,"$89,716.00","$91,383.00"
Rasmus,Alm,St. Louis City SC,Right Wing,"$265,500.00","$329,925.00"
Thiago,Almada,Atlanta United,Attacking Midfield,"$1,550,000.00","$2,232,000.00"
Jozy,Altidore,MLS Pool,Center Forward,"$1,683,750.00","$2,242,574.00"
Fernando,Álvarez,CF Montreal,Center-back,"$225,000.00","$257,000.00"
Leonardo,Alves Chú Franco,Seattle Sounders FC,Left Wing,"$550,000.00","$550,000.00"
Antony,Alves Santos,Portland Timbers,Left Wing,"$425,000.00","$490,042.00"
Frankie,Amaya,New York Red Bulls,Central Midfield,"$375,000.00","$400,000.00"
Malte,Amundsen,Columbus Crew,Left-back,"$360,000.00","$398,700.00"
Max,Anchor,Vancouver Whitecaps,Goalkeeper,"$71,401.00","$78,843.00"
Sebastian,Anderson,Colorado Rapids,Right-back,"$150,000.00","$150,000.00"
Markus,Anderson,Philadelphia Union,Left Wing,"$100,000.00","$102,000.00"
Tomás,Ángel,LAFC,Center Forward,"$250,000.00","$368,750.00"
Marco,Angulo,FC Cincinnati,Defensive Midfield,"$350,000.00","$398,000.00"
Iván,Angulo,Orlando City SC,Left Wing,"$500,004.00","$532,664.00"
Eugene,Ansah,FC Dallas,Left Wing,"$600,000.00","$702,833.00"
Conner,Antley,DC United,Right-back,"$89,716.00","$91,383.00"
Tah,Anunga,Nashville SC,Central Midfield,"$275,000.00","$295,000.00"
César,Araújo,Orlando City SC,Defensive Midfield,"$304,000.00","$343,000.00"
Cristian,Arango,Real Salt Lake,Center Forward,"$1,899,996.00","$2,088,746.00"
Miguel,Araujo,Portland Timbers,Center-back,"$550,000.00","$705,313.00"
Scott,Arfield,Charlotte FC,Central Midfield,"$450,000.00","$487,500.00"
Max,Arfsten,Columbus Crew,Right Wing,"$71,401.00","$73,246.00"
Allan,Arigoni,Chicago Fire,Right-back,"$462,000.00","$472,000.00"
Xavier,Arreaga,New England Revolution,Center-back,"$775,000.00","$775,000.00"
Kervin,Arriaga,Minnesota United,Defensive Midfield,"$240,000.00","$259,667.00"
Paul,Arriola,FC Dallas,Right Wing,"$1,550,000.00","$1,729,400.00"
Yamil,Asad,FC Cincinnati,Left Wing,"$89,716.00","$89,716.00"
Dairon,Asprilla,Portland Timbers,Right Wing,"$355,000.00","$367,500.00"
Karol,Świderski,Charlotte FC,Center Forward,"$2,200,000.00","$2,258,000.00"
Josh,Atencio,Seattle Sounders FC,Defensive Midfield,"$350,000.00","$350,000.00"
Eduard,Atuesta,LAFC,Central Midfield,"$689,700.00","$689,700.00"
Julián,Aude,LA Galaxy,Left-back,"$325,000.00","$335,000.00"
Tomás,Avilés,Inter Miami,Center-back,"$384,996.00","$412,496.00"
David,Ayala,Portland Timbers,Defensive Midfield,"$400,000.00","$452,000.00"
Edison,Azcona,Inter Miami,Left Wing,"$110,000.00","$110,000.00"
Roman,Bürki,St. Louis City SC,Goalkeeper,"$1,525,000.00","$1,657,469.00"
Talles Magno,Bacelar Martins,New York City FC,Left Wing,"$950,000.00","$1,198,000.00"
Hugo,Bacharach,Minnesota United,Center-back,"$71,401.00","$73,285.00"
Drew,Baiera,New York City FC,Right-back,"$71,401.00","$77,337.00"
Corey,Baird,FC Cincinnati,Center Forward,"$644,319.00","$712,026.00"
Esmir,Bajraktarević,New England Revolution,Right Wing,"$115,000.00","$120,923.00"
Cody,Baker,Seattle Sounders FC,Right-back,"$89,716.00","$95,420.00"
Reed,Baker-Whiting,Seattle Sounders FC,Central Midfield,"$100,000.00","$120,000.00"
Monsef,Bakrar,New York City FC,Center Forward,"$360,000.00","$456,720.00"
Michael,Baldisimo,San Jose Earthquakes,Defensive Midfield,"$105,000.00","$105,000.00"
Fidel,Barajas,Real Salt Lake,Right Wing,"$71,401.00","$96,177.00"
Tai,Baribo,Philadelphia Union,Center Forward,"$650,000.00","$760,000.00"
Tom,Barlow,Chicago Fire,Center Forward,"$250,000.00","$280,000.00"
Luis,Barraza,New York City FC,Goalkeeper,"$165,000.00","$172,688.00"
Álvaro,Barreal,FC Cincinnati,Left Wing,"$690,000.00","$909,297.00"
Lucas,Bartlett,DC United,Center-back,"$89,716.00","$89,716.00"
Ethan,Bartlow,Houston Dynamo,Center-back,"$250,000.00","$260,000.00"
Cole,Bassett,Colorado Rapids,Attacking Midfield,"$850,000.00","$850,000.00"
Amine,Bassi,Houston Dynamo,Attacking Midfield,"$605,000.00","$605,000.00"
Zorhan,Bassong,Sporting Kansas City,Left-back,"$89,716.00","$99,953.00"
Josh,Bauer,Nashville SC,Center-back,"$94,202.00","$94,202.00"
Tanner,Beason,San Jose Earthquakes,Center-back,"$300,000.00","$300,000.00"
Adam,Beaudry,Colorado Rapids,Goalkeeper,"$71,401.00","$75,568.00"
Gavin,Beavers,Real Salt Lake,Goalkeeper,"$120,000.00","$125,583.00"
Alejandro,Bedoya,Philadelphia Union,Central Midfield,"$324,996.00","$449,996.00"
Matthew,Bell,Real Salt Lake,Forward,"$71,401.00","$71,847.00"
Jon,Bell,Seattle Sounders FC,Center-back,"$100,444.00","$100,444.00"
Ben,Bender,Charlotte FC,Central Midfield,"$115,000.00","$125,000.00"
Joe,Bendik,Vancouver Whitecaps,Goalkeeper,"$108,000.00","$116,673.00"
Christian,Benteke,DC United,Center Forward,"$4,250,000.00","$4,432,778.00"
Nimfasha,Berchimas,Charlotte FC,Left Wing,"$89,716.00","$104,650.00"
Jamir,Berdecio,Philadelphia Union,Right-back,"$89,716.00","$97,910.00"
Sebastian,Berhalter,Vancouver Whitecaps,Central Midfield,"$330,000.00","$330,000.00"
Federico,Bernardeschi,Toronto FC,Right Wing,"$3,125,000.00","$6,295,381.00"
Miguel,Berry,LA Galaxy,Center Forward,"$175,008.00","$181,675.00"
Matt,Bersano,Austin FC,Goalkeeper,"$150,000.00","$157,500.00"
Victor,Bezerra,Chicago Fire,Center Forward,"$104,004.00","$116,465.00"
Aaron,Bibout,LA Galaxy,Center Forward,"$71,401.00","$71,401.00"
Mikolaj,Bieganski,San Jose Earthquakes,Goalkeeper,"$89,716.00","$104,091.00"
Alessandro,Biello,CF Montreal,Central Midfield,"$71,401.00","$71,401.00"
David,Bingham,Charlotte FC,Goalkeeper,"$89,716.00","$89,716.00"
Steve,Birnbaum,DC United,Center-back,"$815,000.00","$815,000.00"
Stipe,Biuk,LAFC,Left Wing,"$675,000.00","$675,000.00"
Tristan,Blackmon,Vancouver Whitecaps,Center-back,"$750,000.00","$750,000.00"
Andre,Blake,Philadelphia Union,Goalkeeper,"$800,000.00","$919,375.00"
Latif,Blessing,Houston Dynamo,Attacking Midfield,"$650,000.00","$715,000.00"
Njabulo,Blom,St. Louis City SC,Defensive Midfield,"$300,000.00","$392,250.00"
Emmanuel,Boateng,New England Revolution,Left Midfield,"$155,000.00","$186,500.00"
Israel,Boatwright,Inter Miami,Right-back,"$71,401.00","$73,401.00"
Isaac,Boehmer,Vancouver Whitecaps,Goalkeeper,"$89,716.00","$89,716.00"
Mateusz,Bogusz,LAFC,Attacking Midfield,"$675,000.00","$675,000.00"
Josh,Bolma,New England Revolution,Central Midfield,"$89,716.00","$96,383.00"
Moïse,Bombito,Colorado Rapids,Center-back,"$89,716.00","$107,928.00"
Kevin,Bonilla,Real Salt Lake,Right-back,"$71,401.00","$71,401.00"
Alex,Bono,DC United,Goalkeeper,"$200,000.00","$220,000.00"
Shanyder,Borgelin,Inter Miami,Center Forward,"$71,401.00","$73,901.00"
Dylan,Borrero,New England Revolution,Left Wing,"$600,000.00","$663,962.00"
Denis,Bouanga,LAFC,Left Wing,"$2,920,000.00","$3,609,500.00"
Ousseni,Bouda,San Jose Earthquakes,Left Wing,"$125,000.00","$127,500.00"
Aaron,Boupendza,FC Cincinnati,Center Forward,"$1,352,000.00","$1,759,600.00"
Michael,Boxall,Minnesota United,Center-back,"$675,000.00","$728,097.00"
Tyler,Boyd,Nashville SC,Left Wing,"$770,000.00","$775,000.00"
Michael,Bradley,MLS Pool,Central Midfield,"$725,000.00","$725,000.00"
Chris,Brady,Chicago Fire,Goalkeeper,"$225,000.00","$248,250.00"
Alejandro,Bran,Minnesota United,Defensive Midfield,"$125,000.00","$125,000.00"
Claudio,Bravo,Portland Timbers,Left-back,"$325,000.00","$381,654.00"
David,Brekalo,Orlando City SC,Center-back,"$600,000.00","$683,000.00"
Luke,Brennan,Atlanta United,Left Wing,"$71,401.00","$71,401.00"
Sebastian,Breza,CF Montreal,Goalkeeper,"$89,716.00","$89,716.00"
Yannick,Bright,Inter Miami,Right-back,"$71,401.00","$74,426.00"
Ethan,Bristow,Minnesota United,Left-back,"$89,716.00","$140,902.00"
Andrew,Brody,Real Salt Lake,Left-back,"$275,000.00","$300,678.00"
Brandt,Bronico,Charlotte FC,Central Midfield,"$350,000.00","$389,000.00"
Javain,Brown,Vancouver Whitecaps,Right-back,"$205,000.00","$218,688.00"
Gastón,Brugman,LA Galaxy,Defensive Midfield,"$1,200,000.00","$1,409,000.00"
Pavel,Bucha,FC Cincinnati,Central Midfield,"$450,000.00","$498,782.00"
Noel,Buck,New England Revolution,Central Midfield,"$89,716.00","$89,716.00"
Jesús,Bueno,Philadelphia Union,Defensive Midfield,"$280,000.00","$312,625.00"
Teal,Bunbury,Nashville SC,Center Forward,"$250,000.00","$280,000.00"
Nkosi Tafari,Burgess,FC Dallas,Center-back,"$347,750.00","$347,750.00"
Cory,Burke,New York Red Bulls,Center Forward,"$500,000.00","$571,871.00"
Micah,Burton,Austin FC,Attacking Midfield,"$71,401.00","$82,401.00"
Evan,Bush,Columbus Crew,Goalkeeper,"$89,716.00","$89,716.00"
Sergio,Busquets,Inter Miami,Defensive Midfield,"$8,499,996.00","$8,774,996.00"
Brandon,Bye,New England Revolution,Right-back,"$375,000.00","$393,813.00"
Nathan,Byrne,Charlotte FC,Right-back,"$560,000.00","$607,833.00"
Martín,Cáceres,LA Galaxy,Center-back,"$600,000.00","$656,667.00"
Matías,Cóccaro,CF Montreal,Center Forward,"$800,000.00","$888,000.00"
Kévin,Cabral,Colorado Rapids,Left Wing,"$1,950,000.00","$1,950,000.00"
Rémi,Cabral,Colorado Rapids,Attacking Midfield,"$89,716.00","$89,716.00"
Deiber,Caicedo,Vancouver Whitecaps,Left Wing,"$350,000.00","$381,125.00"
Drake,Callender,Inter Miami,Goalkeeper,"$349,992.00","$405,909.00"
Rudy,Camacho,Columbus Crew,Center-back,"$475,000.00","$551,000.00"
Brandon,Cambridge,Charlotte FC,Right Wing,"$89,716.00","$97,742.00"
Leonardo,Campana,Inter Miami,Center Forward,"$600,000.00","$722,333.00"
George,Campbell,CF Montreal,Center-back,"$400,000.00","$441,250.00"
Omar,Campos,LAFC,Left-back,"$675,000.00","$675,000.00"
Russell,Canouse,DC United,Central Midfield,"$650,000.00","$650,000.00"
Wikelman,Carmona,New York Red Bulls,Attacking Midfield,"$110,000.00","$112,750.00"
Julián,Carranza,Philadelphia Union,Center Forward,"$1,000,000.00","$1,000,000.00"
Adalberto,Carrasquilla,Houston Dynamo,Central Midfield,"$550,000.00","$658,750.00"
Antonio,Carrera,FC Dallas,Goalkeeper,"$125,000.00","$144,519.00"
Máximo,Carrizo,New York City FC,Central Midfield,"$89,716.00","$123,239.00"
Javier,Casas,Chicago Fire,Central Midfield,"$89,716.00","$94,383.00"
Julio,Cascante,Austin FC,Center-back,"$700,000.00","$773,750.00"
Robert,Castellanos,Sporting Kansas City,Center-back,"$115,000.00","$115,000.00"
Jacob,Castro,Seattle Sounders FC,Goalkeeper,"$89,716.00","$89,716.00"
Roman,Celentano,FC Cincinnati,Goalkeeper,"$425,000.00","$474,000.00"
Erik,Centeno,Atlanta United,Right-back,"$89,716.00","$96,492.00"
Edwin,Cerrillo,LA Galaxy,Defensive Midfield,"$400,000.00","$412,500.00"
Daniel,Chacón,Colorado Rapids,Center-back,"$90,000.00","$97,750.00"
Tomás,Chancalay,New England Revolution,Left Wing,"$950,000.00","$1,010,000.00"
Maikel,Chang,Real Salt Lake,Right Wing,"$195,000.00","$218,750.00"
Maxime,Chanot,LAFC,Center-back,"$220,000.00","$220,000.00"
Diego,Chará,Portland Timbers,Central Midfield,"$500,000.00","$508,333.00"
Yevgen,Cheberko,Columbus Crew,Center-back,"$505,000.00","$553,250.00"
Mathieu,Choinière,CF Montreal,Central Midfield,"$275,000.00","$302,500.00"
Ozzie,Cisneros,Sporting Kansas City,Central Midfield,"$89,716.00","$92,716.00"
Caden,Clark,Minnesota United,Attacking Midfield,"$350,000.00","$382,000.00"
Steve,Clark,Houston Dynamo,Goalkeeper,"$625,000.00","$684,281.00"
Stefan,Cleveland,Austin FC,Goalkeeper,"$200,000.00","$224,167.00"
Noah,Cobb,Atlanta United,Center-back,"$89,716.00","$89,716.00"
Alonso,Coello,Toronto FC,Defensive Midfield,"$89,716.00","$94,049.00"
Josh,Cohen,Atlanta United,Goalkeeper,"$265,000.00","$303,500.00"
Enzo,Copetti,Charlotte FC,Center Forward,"$1,000,000.00","$1,142,250.00"
Gabriele,Corbo,CF Montreal,Center-back,"$216,350.00","$216,350.00"
Gabriel,Cordeiro Pirani,DC United,Attacking Midfield,"$665,000.00","$731,700.00"
Carlos,Coronel,New York Red Bulls,Goalkeeper,"$500,000.00","$549,649.00"
Vítor,Costa,San Jose Earthquakes,Left-back,"$350,000.00","$388,333.00"
Chance,Cowell,San Jose Earthquakes,Left Wing,"$71,401.00","$71,401.00"
Maxime,Crépeau,Portland Timbers,Goalkeeper,"$555,000.00","$618,333.00"
Brandan,Craig,Philadelphia Union,Center-back,"$160,000.00","$172,825.00"
Benja,Cremaschi,Inter Miami,Central Midfield,"$104,716.00","$106,716.00"
Nate,Crockford,DC United,Goalkeeper,"$71,401.00","$71,401.00"
Matt,Crooks,Real Salt Lake,Attacking Midfield,"$1,000,000.00","$1,000,000.00"
Andrés,Cubas,Vancouver Whitecaps,Defensive Midfield,"$1,050,000.00","$1,146,375.00"
Mauricio,Cuevas,LA Galaxy,Right-back,"$125,000.00","$143,500.00"
Hugo,Cuypers,Chicago Fire,Center Forward,"$3,238,000.00","$3,528,044.00"
Rafael,Czichos,Chicago Fire,Center-back,"$1,300,000.00","$1,336,667.00"
Evander,da Silva Ferreira,Portland Timbers,Central Midfield,"$1,930,000.00","$2,355,000.00"
Guilherme,da Trindade Dubas,Austin FC,Left-back,"$200,000.00","$200,000.00"
Cristian,Dájome,DC United,Left Wing,"$900,000.00","$965,625.00"
Bajung,Darboe,LAFC,Left Wing,"$71,401.00","$83,781.00"
Sean,Davis,Nashville SC,Central Midfield,"$910,000.00","$1,024,000.00"
Jake,Davis,Sporting Kansas City,Right-back,"$120,000.00","$120,000.00"
Ocimar,de Almeida Júnior,Charlotte FC,Central Midfield,"$250,000.00","$292,500.00"
Thiago Eduardo,de Andrade,New York City FC,Left Wing,"$200,000.00","$219,600.00"
Geovane,de Jesus Rocha,FC Dallas,Right-back,"$300,000.00","$347,000.00"
Pedro,de la Vega,Seattle Sounders FC,Right Wing,"$785,000.00","$1,164,000.00"
José Artur,de Lima Júnior,Houston Dynamo,Defensive Midfield,"$700,000.00","$783,375.00"
Daniel,de Sousa Britto,San Jose Earthquakes,Goalkeeper,"$425,000.00","$425,000.00"
Jonathan,Dean,Chicago Fire,Right-back,"$115,000.00","$123,167.00"
Brecht,Dejaegere,Charlotte FC,Central Midfield,"$1,000,000.00","$1,179,375.00"
Patrickson,Delgado,FC Dallas,Defensive Midfield,"$150,000.00","$176,280.00"
Mark,Delgado,LA Galaxy,Central Midfield,"$800,000.00","$876,250.00"
Lorenzo,Dellavalle,LAFC,Center-back,"$71,401.00","$75,151.00"
Lamine,Diack,Colorado Rapids,Defensive Midfield,"$750,000.00","$864,150.00"
Djibril,Diani,Charlotte FC,Defensive Midfield,"$260,000.00","$297,944.00"
Adama,Diomande,MLS Pool,Center Forward,"$600,000.00","$660,000.00"
Hamady,Diop,Charlotte FC,Left-back,"$89,716.00","$97,216.00"
Moussa,Djitté,Austin FC,Center Forward,"$650,000.00","$650,000.00"
Derek,Dodson,Minnesota United,Right-back,"$89,716.00","$89,716.00"
Ronald,Donkor,New York Red Bulls,Left Midfield,"$130,000.00","$155,400.00"
Chris,Donovan,Philadelphia Union,Center Forward,"$89,716.00","$109,872.00"
Grayson,Doody,CF Montreal,Right-back,"$71,401.00","$73,682.00"
Griffin,Dorsey,Houston Dynamo,Right-back,"$475,000.00","$529,667.00"
CJ,dos Santos,Inter Miami,Goalkeeper,"$89,716.00","$95,016.00"
Micael,dos Santos Silva,Houston Dynamo,Center-back,"$135,000.00","$149,250.00"
Hassani,Dotson,Minnesota United,Central Midfield,"$500,000.00","$557,500.00"
Bryan,Dowd,Chicago Fire,Goalkeeper,"$71,401.00","$71,401.00"
Sebastián,Driussi,Austin FC,Attacking Midfield,"$4,500,000.00","$6,722,500.00"
Érik,Dueñas,LAFC,Central Midfield,"$185,500.00","$187,500.00"
Morris,Duggan,Minnesota United,Center-back,"$71,401.00","$71,401.00"
Bryce,Duke,CF Montreal,Attacking Midfield,"$325,000.00","$406,875.00"
Kyle,Duncan,New York Red Bulls,Right-back,"$500,000.00","$555,750.00"
Chris,Durkin,St. Louis City SC,Defensive Midfield,"$450,000.00","$495,000.00"
Nikolas,Dyhr,St. Louis City SC,Left-back,"$273,000.00","$309,200.00"
Jeremy,Ebobisse,San Jose Earthquakes,Center Forward,"$859,478.00","$1,005,361.00"
Daniel,Edelman,New York Red Bulls,Defensive Midfield,"$385,000.00","$385,000.00"
Michael,Edwards,Colorado Rapids,Center-back,"$130,000.00","$130,000.00"
Raheem,Edwards,CF Montreal,Left-back,"$335,000.00","$367,500.00"
Earl,Edwards Jr.,New England Revolution,Goalkeeper,"$155,000.00","$155,000.00"
Noah,Eile,New York Red Bulls,Center-back,"$420,000.00","$473,200.00"
Jack,Elliott,Philadelphia Union,Center-back,"$800,000.00","$893,750.00"
Herbert,Endeley,FC Dallas,Right-back,"$71,401.00","$71,401.00"
Emeka,Eneli,Real Salt Lake,Right-back,"$89,716.00","$89,716.00"
Ramiro,Enrique,Orlando City SC,Center Forward,"$340,909.00","$398,636.00"
Victor,Eriksson,Minnesota United,Center-back,"$235,000.00","$264,375.00"
Franco,Escobar,Houston Dynamo,Right-back,"$475,000.00","$524,167.00"
Cristian,Espinoza,San Jose Earthquakes,Right Wing,"$1,820,000.00","$2,002,000.00"
Bento,Estrela,New York Red Bulls,Central Midfield,"$125,000.00","$149,000.00"
Derrick,Etienne Jr.,Atlanta United,Left Wing,"$710,062.00","$710,062.00"
Diego,Fagúndez,LA Galaxy,Left Wing,"$1,250,000.00","$1,310,000.00"
Facundo,Farías,Inter Miami,Attacking Midfield,"$650,000.00","$675,000.00"
Marco,Farfán,FC Dallas,Left-back,"$512,000.00","$544,813.00"
Zack,Farnsworth,Real Salt Lake,Left-back,"$125,000.00","$139,750.00"
Andrew,Farrell,New England Revolution,Center-back,"$683,750.00","$683,750.00"
Logan,Farrington,FC Dallas,Center Forward,"$71,401.00","$71,401.00"
Mohamed,Farsi,Columbus Crew,Right Midfield,"$350,000.00","$380,000.00"
Marcus,Ferkranus,LA Galaxy,Center-back,"$165,000.00","$178,625.00"
Julián,Fernández,New York City FC,Right Wing,"$564,000.00","$628,300.00"
Omir,Fernandez,Colorado Rapids,Attacking Midfield,"$575,000.00","$636,875.00"
Duran,Ferree,San Diego FC,Goalkeeper,"$71,401.00","$71,401.00"
Jesús,Ferreira,FC Dallas,Center Forward,"$2,000,000.00","$2,204,000.00"
Sebastián,Ferreira,Houston Dynamo,Center Forward,"$1,920,000.00","$2,290,200.00"
Ethan,Finlay,Austin FC,Right Wing,"$262,500.00","$306,250.00"
Nick,Firmino,Atlanta United,Central Midfield,"$71,401.00","$71,401.00"
Leon,Flach,Philadelphia Union,Central Midfield,"$300,000.00","$314,500.00"
Kristian,Fletcher,DC United,Left Wing,"$120,000.00","$139,509.00"
Danny,Flores,Sporting Kansas City,Central Midfield,"$71,401.00","$71,401.00"
Deybi,Flores,Toronto FC,Defensive Midfield,"$400,000.00","$456,667.00"
CJ,Fodrey,Austin FC,Left Wing,"$89,716.00","$93,716.00"
Andreu,Fontàs,Sporting Kansas City,Center-back,"$450,000.00","$450,000.00"
Jahlane,Forbes,Charlotte FC,Left-back,"$71,401.00","$71,401.00"
Emil,Forsberg,New York Red Bulls,Attacking Midfield,"$5,405,000.00","$6,035,625.00"
Gabriel,Fortes Chaves,LA Galaxy,Right Wing,"$1,680,000.00","$2,459,000.00"
Ajani,Fortune,Atlanta United,Central Midfield,"$71,401.00","$71,401.00"
Isaiah,Foster,FC Cincinnati,Left-back,"$89,716.00","$94,095.00"
Franco,Fragapane,Minnesota United,Left Wing,"$310,000.00","$317,500.00"
Kobe,Franklin,Toronto FC,Right-back,"$89,716.00","$100,518.00"
Liam,Fraser,FC Dallas,Defensive Midfield,"$200,000.00","$227,750.00"
Ian,Fray,Inter Miami,Center-back,"$125,000.00","$125,000.00"
Wayne,Frederick,Colorado Rapids,Forward,"$71,401.00","$71,401.00"
Alex,Freeman,Orlando City SC,Right-back,"$89,716.00","$93,716.00"
Matt,Freese,New York City FC,Goalkeeper,"$250,000.00","$270,000.00"
Stefan,Frei,Seattle Sounders FC,Goalkeeper,"$600,000.00","$600,000.00"
Nicolás,Freire,Inter Miami,Center-back,"$400,000.00","$1,000,000.00"
Malcolm,Fry,New England Revolution,Right Wing,"$71,401.00","$76,961.00"
Carlos Andrés,Gómez,Real Salt Lake,Right Wing,"$250,000.00","$282,000.00"
Tomás,Gómez,Real Salt Lake,Goalkeeper,"$89,716.00","$89,716.00"
Diego,Gómez,Inter Miami,Central Midfield,"$500,000.00","$504,167.00"
Yeimar,Gómez Andrade,Seattle Sounders FC,Center-back,"$750,000.00","$832,500.00"
Julian,Gaines,Nashville SC,Right-back,"$71,401.00","$71,401.00"
McKinze,Gaines,Houston Dynamo,Right Wing,"$120,000.00","$122,750.00"
Jeff,Gal,Chicago Fire,Goalkeeper,"$89,716.00","$89,716.00"
Jon,Gallagher,Austin FC,Left-back,"$375,000.00","$375,000.00"
Pedro,Gallese,Orlando City SC,Goalkeeper,"$800,000.00","$1,089,333.00"
Jeremy,Garay,DC United,Defensive Midfield,"$89,716.00","$93,766.00"
Carlos,Garcés,LA Galaxy,Center-back,"$200,000.00","$238,000.00"
Chase,Gasper,Chicago Fire,Left-back,"$500,000.00","$525,000.00"
Ryan,Gauld,Vancouver Whitecaps,Attacking Midfield,"$2,880,000.00","$2,985,000.00"
Luka,Gavran,Toronto FC,Goalkeeper,"$71,401.00","$74,868.00"
Dániel,Gazdag,Philadelphia Union,Attacking Midfield,"$1,600,000.00","$1,757,500.00"
Georgios,Giakoumakis,Atlanta United,Center Forward,"$1,664,600.00","$2,248,417.00"
Carles,Gil,New England Revolution,Attacking Midfield,"$4,000,000.00","$4,452,083.00"
Nacho,Gil,New England Revolution,Left Wing,"$400,000.00","$421,250.00"
Gastón,Giménez,Chicago Fire,Defensive Midfield,"$1,600,000.00","$1,633,333.00"
Francisco,Ginella,LAFC,Central Midfield,"$575,000.00","$595,833.00"
Dennis,Gjengaar,New York Red Bulls,Right Wing,"$340,000.00","$398,769.00"
Justen,Glad,Real Salt Lake,Center-back,"$1,150,000.00","$1,330,000.00"
Jakob,Glesnes,Philadelphia Union,Center-back,"$1,000,000.00","$1,138,125.00"
Caden,Glover,St. Louis City SC,Center Forward,"$89,716.00","$94,716.00"
Aníbal,Godoy,Nashville SC,Defensive Midfield,"$650,000.00","$721,250.00"
Nicksoen,Gomis,Toronto FC,Center-back,"$71,401.00","$71,401.00"
Mario,González,LAFC,Center Forward,"$800,000.00","$800,000.00"
Omar,González,FC Dallas,Center-back,"$89,716.00","$114,716.00"
Gastón,González,Orlando City SC,Left Wing,"$360,000.00","$362,000.00"
Zavier,Gozo,Real Salt Lake,Right Wing,"$71,401.00","$84,124.00"
Tayvon,Gray,New York City FC,Right-back,"$350,000.00","$400,000.00"
Ruan,Gregório Teixeira,CF Montreal,Right-back,"$440,000.00","$440,000.00"
Stian,Gregersen,Atlanta United,Center-back,"$1,000,000.00","$1,120,000.00"
Ján,Greguš,Houston Dynamo,Central Midfield,"$150,000.00","$170,313.00"
Julian,Gressel,Inter Miami,Right Midfield,"$1,092,069.00","$1,092,069.00"
Carlos,Gruezo,San Jose Earthquakes,Defensive Midfield,"$1,460,000.00","$1,681,086.00"
Brian,Gutiérrez,Chicago Fire,Attacking Midfield,"$803,409.00","$895,879.00"
Andrew,Gutman,Chicago Fire,Left-back,"$600,000.00","$600,000.00"
Brad,Guzan,Atlanta United,Goalkeeper,"$600,000.00","$612,500.00"
Stephen Annor,Gyamfi,Houston Dynamo,Forward,"$71,401.00","$85,151.00"
Justin,Haak,New York City FC,Central Midfield,"$150,000.00","$165,000.00"
Taha,Habroune,Columbus Crew,Central Midfield,"$71,401.00","$83,401.00"
Nicholas,Hagen,Columbus Crew,Goalkeeper,"$89,716.00","$100,340.00"
Nick,Hagglund,FC Cincinnati,Center-back,"$89,716.00","$103,237.00"
Maren,Haile-Selassie,Chicago Fire,Left Midfield,"$344,000.00","$383,500.00"
Belal,Halbouni,Vancouver Whitecaps,Center-back,"$110,000.00","$110,000.00"
Julian,Hall,New York Red Bulls,Left Wing,"$100,000.00","$182,241.00"
Tyler,Hall,Inter Miami,Center-back,"$71,401.00","$71,401.00"
Michael,Halliday,Orlando City SC,Right-back,"$200,000.00","$227,500.00"
Bret,Halsey,FC Cincinnati,Right-back,"$89,716.00","$98,466.00"
Ian,Harkes,New England Revolution,Central Midfield,"$275,000.00","$286,583.00"
Cameron,Harper,New York Red Bulls,Right Wing,"$300,000.00","$351,250.00"
Nathan,Harriel,Philadelphia Union,Right-back,"$240,000.00","$262,050.00"
Calvin,Harris,Colorado Rapids,Left Wing,"$125,000.00","$127,000.00"
Carlos,Harvey,Minnesota United,Defensive Midfield,"$71,401.00","$81,028.00"
Stuart,Hawkins,Seattle Sounders FC,Center-back,"$71,401.00","$83,422.00"
Matt,Hedges,Austin FC,Center-back,"$428,313.00","$560,922.00"
Malik,Henry-Scott,FC Dallas,Midfielder,"$71,401.00","$71,401.00"
Fabian,Herbers,Chicago Fire,Right Wing,"$400,000.00","$421,250.00"
Cucho,Hernández,Columbus Crew,Center Forward,"$2,600,000.00","$2,886,000.00"
Felipe,Hernández,Sporting Kansas City,Central Midfield,"$225,000.00","$257,000.00"
Ronald,Hernández,Atlanta United,Right-back,"$450,000.00","$450,000.00"
Aarón,Herrera,DC United,Right-back,"$750,000.00","$845,220.00"
Héctor,Herrera,Houston Dynamo,Central Midfield,"$4,750,000.00","$5,246,875.00"
Bode,Hidalgo,Real Salt Lake,Right-back,"$125,000.00","$129,294.00"
Kyle,Hiebert,St. Louis City SC,Center-back,"$159,996.00","$188,996.00"
Brendan,Hines-Ike,Austin FC,Center-back,"$199,992.00","$199,992.00"
Marino,Hinestroza,Columbus Crew,Left Wing,"$500,000.00","$574,750.00"
Bongokuhle,Hlongwane,Minnesota United,Right Wing,"$605,000.00","$655,000.00"
Ryan,Hollingshead,LAFC,Left-back,"$645,000.00","$645,000.00"
Erik,Holt,Real Salt Lake,Center-back,"$225,000.00","$243,750.00"
Rio,Hope-Gund,New York City FC,Center-back,"$89,716.00","$89,716.00"
Jackson,Hopkins,DC United,Center Forward,"$89,716.00","$90,002.00"
Keegan,Hughes,Columbus Crew,Center-back,"$89,716.00","$89,716.00"
Franco,Ibarra,Atlanta United,Defensive Midfield,"$600,000.00","$660,000.00"
Sebastien,Ibeagha,FC Dallas,Center-back,"$620,000.00","$683,625.00"
Sunusi,Ibrahim,CF Montreal,Center Forward,"$350,000.00","$410,000.00"
Tega,Ikoba,Portland Timbers,Center Forward,"$104,000.00","$104,000.00"
Mitja,Ilenic,New York City FC,Right-back,"$240,000.00","$331,700.00"
Ilias,Iliadis,CF Montreal,Defensive Midfield,"$89,716.00","$96,591.00"
Marko,Ilic,Colorado Rapids,Goalkeeper,"$420,000.00","$442,850.00"
Asier,Illarramendi,FC Dallas,Defensive Midfield,"$500,000.00","$549,750.00"
Lorenzo,Insigne,Toronto FC,Left Wing,"$7,500,000.00","$15,400,000.00"
Clint,Irwin,Minnesota United,Goalkeeper,"$190,000.00","$203,533.00"
Aljaz,Ivacic,New England Revolution,Goalkeeper,"$385,000.00","$470,000.00"
Ousman,Jabang,CF Montreal,Defensive Midfield,"$71,401.00","$71,401.00"
Jacob,Jackson,New England Revolution,Goalkeeper,"$89,716.00","$89,716.00"
Aziel,Jackson,St. Louis City SC,Attacking Midfield,"$98,261.00","$102,243.00"
Bertin,Jacquesson,Real Salt Lake,Right Wing,"$89,716.00","$97,042.00"
Robin,Jansson,Orlando City SC,Center-back,"$850,000.00","$946,667.00"
Andres,Jasson,New York City FC,Right Wing,"$270,000.00","$287,144.00"
Mohanad,Jeahze,DC United,Left-back,"$687,500.00","$687,500.00"
Corentin,Jean,MLS Pool,Center Forward,"$720,000.00","$788,400.00"
Isak,Jensen,St. Louis City SC,Left Wing,"$175,000.00","$228,250.00"
Cole,Jensen,Inter Miami,Goalkeeper,"$71,401.00","$71,401.00"
Sang-bin,Jeong,Minnesota United,Center Forward,"$575,750.00","$682,458.00"
Héctor,Jiménez,Austin FC,Right-back,"$89,716.00","$89,716.00"
Stiven,Jimenez,FC Cincinnati,Defensive Midfield,"$89,716.00","$89,716.00"
Sean,Johnson,Toronto FC,Goalkeeper,"$426,039.00","$703,301.00"
Levonte,Johnson,Vancouver Whitecaps,Left Wing,"$89,716.00","$89,716.00"
Nate,Jones,Colorado Rapids,Center-back,"$71,401.00","$71,401.00"
Isaiah,Jones,Nashville SC,Central Midfield,"$71,401.00","$75,401.00"
Derrick,Jones,Columbus Crew,Central Midfield,"$325,000.00","$347,969.00"
DeJuan,Jones,New England Revolution,Left-back,"$786,996.00","$793,246.00"
Malachi,Jones,New York City FC,Forward,"$71,401.00","$71,401.00"
Dejan,Joveljic,LA Galaxy,Center Forward,"$683,750.00","$683,750.00"
Preston,Judd,San Jose Earthquakes,Center Forward,"$89,716.00","$89,716.00"
Anderson,Julio,Real Salt Lake,Right Wing,"$750,000.00","$820,000.00"
Sam,Junqua,FC Dallas,Left-back,"$200,000.00","$212,368.00"
Kristijan,Kahlina,Charlotte FC,Goalkeeper,"$550,000.00","$576,875.00"
Brent,Kallman,Nashville SC,Center-back,"$89,716.00","$89,716.00"
Kei,Kamara,LAFC,Center Forward,"$89,716.00","$89,716.00"
Bernard,Kamungo,FC Dallas,Right Wing,"$89,716.00","$89,716.00"
Alec,Kann,FC Cincinnati,Goalkeeper,"$250,000.00","$270,833.00"
Alexandros,Katranis,Real Salt Lake,Left-back,"$400,000.00","$469,875.00"
Mark-Anthony,Kaye,New England Revolution,Central Midfield,"$750,000.00","$750,000.00"
Axel,Kei,Real Salt Lake,Center Forward,"$110,000.00","$126,000.00"
Aboubacar,Keita,Colorado Rapids,Center-back,"$240,000.00","$270,313.00"
Kipp,Keller,FC Cincinnati,Center-back,"$89,716.00","$99,716.00"
Deandre,Kerr,Toronto FC,Right Wing,"$100,000.00","$105,319.00"
Henry,Kessler,New England Revolution,Center-back,"$1,000,000.00","$1,033,333.00"
Logan,Ketterer,CF Montreal,Goalkeeper,"$92,610.00","$92,610.00"
Hosei,Kijima,St. Louis City SC,Central Midfield,"$71,401.00","$71,401.00"
Benjamin,Kikanović,San Jose Earthquakes,Left Wing,"$292,000.00","$328,700.00"
Sota,Kitahara,Seattle Sounders FC,Defensive Midfield,"$71,401.00","$73,901.00"
João,Klauss de Mello,St. Louis City SC,Center Forward,"$1,230,000.00","$1,370,284.00"
Mateusz,Klich,DC United,Central Midfield,"$1,900,000.00","$2,093,588.00"
Jeorgio,Kocevski,Orlando City SC,Central Midfield,"$71,401.00","$71,401.00"
Zan,Kolmanic,Austin FC,Left-back,"$350,000.00","$350,000.00"
Amet,Korça,FC Dallas,Center-back,"$71,401.00","$71,401.00"
Georgios,Koutsias,Chicago Fire,Center Forward,"$470,800.00","$470,800.00"
Sebastian,Kowalczyk,Houston Dynamo,Attacking Midfield,"$461,000.00","$530,618.00"
Damir,Kreilach,Vancouver Whitecaps,Central Midfield,"$440,000.00","$440,000.00"
Sergiy,Kryvtsov,Inter Miami,Center-back,"$750,000.00","$809,000.00"
Theodore,Ku-DiPietro,DC United,Attacking Midfield,"$120,000.00","$120,000.00"
Yuya,Kubo,FC Cincinnati,Attacking Midfield,"$1,364,000.00","$1,479,750.00"
Jasper,Löffelsend,Colorado Rapids,Central Midfield,"$230,000.00","$255,833.00"
Eduard,Löwen,St. Louis City SC,Central Midfield,"$1,200,000.00","$1,344,250.00"
Mathías,Laborda,Vancouver Whitecaps,Center-back,"$800,000.00","$943,625.00"
Kevon,Lambert,Real Salt Lake,Defensive Midfield,"$180,000.00","$198,150.00"
Lassi,Lappalainen,CF Montreal,Left Wing,"$720,000.00","$750,000.00"
Oliver,Larraz,Colorado Rapids,Central Midfield,"$100,000.00","$105,375.00"
Richie,Laryea,Toronto FC,Right-back,"$990,000.00","$1,208,188.00"
Damian,Las,Austin FC,Goalkeeper,"$89,716.00","$89,716.00"
Ariel,Lassiter,CF Montreal,Left Wing,"$240,000.00","$260,280.00"
Randall,Leal,Nashville SC,Left Wing,"$1,000,000.00","$1,115,000.00"
Isaiah,LeFlore,Philadelphia Union,Left-back,"$71,401.00","$80,764.00"
Tim,Leibold,Sporting Kansas City,Left-back,"$600,000.00","$601,050.00"
Brooks,Lennon,Atlanta United,Right-back,"$740,000.00","$740,000.00"
Tucker,Lepley,LA Galaxy,Right Wing,"$71,401.00","$73,087.00"
Jonathan,Lewis,Colorado Rapids,Left Wing,"$410,000.00","$435,000.00"
Danny,Leyva,Seattle Sounders FC,Defensive Midfield,"$235,000.00","$259,900.00"
Nick,Lima,New England Revolution,Right-back,"$375,000.00","$375,000.00"
Jaylin,Lindsey,Charlotte FC,Right-back,"$275,000.00","$311,875.00"
Sebastian,Lletget,FC Dallas,Central Midfield,"$750,000.00","$841,250.00"
Hugo,Lloris,LAFC,Goalkeeper,"$350,000.00","$350,000.00"
Saba,Lobjanidze,Atlanta United,Left Wing,"$900,000.00","$998,750.00"
Robin,Lod,Minnesota United,Left Midfield,"$1,500,000.00","$1,639,375.00"
Nicolás,Lodeiro,Orlando City SC,Attacking Midfield,"$800,000.00","$800,000.00"
Aaron,Long,LAFC,Center-back,"$1,259,760.00","$1,303,044.00"
Kevin,Long,Toronto FC,Center-back,"$250,000.00","$277,500.00"
Matty,Longstaff,Toronto FC,Central Midfield,"$197,000.00","$216,376.00"
Marvin,Loría,Portland Timbers,Right Wing,"$275,000.00","$315,000.00"
Evan,Louro,FC Cincinnati,Goalkeeper,"$89,716.00","$94,716.00"
Daniel,Lovitz,Nashville SC,Left-back,"$556,244.00","$573,744.00"
Damion,Lowe,Philadelphia Union,Center-back,"$300,000.00","$343,333.00"
Favian,Loyola,Orlando City SC,Center Forward,"$71,401.00","$73,536.00"
Rafael,Lucas Cardoso dos Santos,Orlando City SC,Left-back,"$324,996.00","$351,184.00"
Diego,Luna,Real Salt Lake,Left Midfield,"$400,000.00","$448,833.00"
Ben,Lundt,St. Louis City SC,Goalkeeper,"$125,000.00","$137,833.00"
Jack,Lynn,Orlando City SC,Center Forward,"$89,716.00","$89,716.00"
Larrys,Mabiala,Portland Timbers,Center-back,"$350,000.00","$362,500.00"
Aimé,Mabika,Toronto FC,Center-back,"$125,000.00","$133,125.00"
Zac,MacMath,Real Salt Lake,Goalkeeper,"$350,000.00","$350,000.00"
Lukas,MacNaughton,Nashville SC,Center-back,"$100,000.00","$102,100.00"
Jack,Maher,Nashville SC,Center-back,"$700,000.00","$795,467.00"
Cassius,Mailula,Toronto FC,Right Wing,"$300,000.00","$316,003.00"
Olwethu,Makhanya,Philadelphia Union,Center-back,"$225,000.00","$263,875.00"
Adilson,Malanda,Charlotte FC,Center-back,"$325,000.00","$353,083.00"
Elias,Manoel Alves de Paula,New York Red Bulls,Center Forward,"$480,000.00","$557,250.00"
JT,Marcinkowski,San Jose Earthquakes,Goalkeeper,"$400,000.00","$400,000.00"
AJ,Marcucci,New York Red Bulls,Goalkeeper,"$110,000.00","$127,425.00"
Paul,Marie,San Jose Earthquakes,Right-back,"$300,000.00","$332,500.00"
Anthony,Markanich,St. Louis City SC,Left-back,"$89,716.00","$89,716.00"
George,Marks,Charlotte FC,Goalkeeper,"$89,716.00","$89,716.00"
Mikael,Marqués,Minnesota United,Center-back,"$125,000.00","$141,250.00"
Jahkeele,Marshall-Rutty,Toronto FC,Right-back,"$175,000.00","$181,813.00"
David,Martínez,LAFC,Right Wing,"$500,000.00","$500,000.00"
Alonso,Martínez,New York City FC,Right Wing,"$300,000.00","$328,483.00"
Josef,Martínez,CF Montreal,Center Forward,"$1,309,091.00","$1,309,091.00"
José,Martínez,Philadelphia Union,Defensive Midfield,"$600,000.00","$674,167.00"
Ben,Martino,Nashville SC,Goalkeeper,"$89,716.00","$109,966.00"
Thiago,Martins,New York City FC,Center-back,"$2,000,000.00","$2,462,000.00"
Felipe,Martins,Orlando City SC,Central Midfield,"$150,000.00","$150,000.00"
Luís,Martins,Vancouver Whitecaps,Left-back,"$300,000.00","$300,000.00"
Alexandru,Matan,Columbus Crew,Left Wing,"$450,000.00","$483,250.00"
Jimmy,Maurer,FC Dallas,Goalkeeper,"$89,716.00","$113,716.00"
Chris,Mavinga,MLS Pool,Center-back,"$650,000.00","$702,500.00"
Andreas,Maxsø,Colorado Rapids,Center-back,"$1,150,000.00","$1,342,500.00"
Mamadou,Mbacke,LAFC,Center-back,"$175,000.00","$187,750.00"
Olivier,Mbaizo,Philadelphia Union,Right-back,"$350,000.00","$423,589.00"
Hugo,Mbongue,Toronto FC,Center Forward,"$89,716.00","$101,143.00"
John,McCarthy,LA Galaxy,Goalkeeper,"$275,000.00","$290,000.00"
Dax,McCarty,Atlanta United,Central Midfield,"$225,000.00","$256,250.00"
Aiden,McFadden,Atlanta United,Right-back,"$89,716.00","$89,716.00"
Christian,McFarlane,New York City FC,Left-back,"$89,716.00","$112,972.00"
Jack,McGlynn,Philadelphia Union,Central Midfield,"$200,000.00","$226,533.00"
Zac,McGraw,Portland Timbers,Center-back,"$150,000.00","$171,875.00"
Duncan,McGuire,Orlando City SC,Center Forward,"$89,716.00","$99,716.00"
Tommy,McNamara,New England Revolution,Left Wing,"$435,000.00","$435,000.00"
Christopher,McVey,DC United,Center-back,"$252,000.00","$276,300.00"
Ryan,Meara,New York Red Bulls,Goalkeeper,"$294,000.00","$294,000.00"
Cruz,Medina,San Jose Earthquakes,Attacking Midfield,"$110,000.00","$128,394.00"
Tim,Melia,Sporting Kansas City,Goalkeeper,"$625,000.00","$637,500.00"
Edwyn,Mendoza,San Jose Earthquakes,Defensive Midfield,"$71,401.00","$83,841.00"
Jonathan,Mensah,New England Revolution,Center-back,"$450,000.00","$512,500.00"
Lionel,Messi,Inter Miami,Right Wing,"$12,000,000.00","$20,446,667.00"
Matt,Miazga,FC Cincinnati,Center-back,"$1,525,000.00","$1,525,000.00"
Novak,Micovic,LA Galaxy,Goalkeeper,"$150,000.00","$150,000.00"
Djordje,Mihailovic,Colorado Rapids,Attacking Midfield,"$1,350,000.00","$1,675,000.00"
Jovan,Mijatovic,New York City FC,Center Forward,"$650,000.00","$687,500.00"
Kamal,Miller,Portland Timbers,Center-back,"$742,500.00","$767,500.00"
Eric,Miller,Portland Timbers,Right-back,"$89,716.00","$89,716.00"
Tyler,Miller,DC United,Goalkeeper,"$425,000.00","$450,000.00"
Peyton,Miller,New England Revolution,Left-back,"$71,401.00","$73,401.00"
Juan,Mina,New York Red Bulls,Right-back,"$150,000.00","$165,432.00"
João Paulo,Mior,Seattle Sounders FC,Central Midfield,"$1,400,000.00","$1,483,333.00"
Roald,Mitchell,New York Red Bulls,Center Forward,"$71,401.00","$91,809.00"
Shak,Mohammed,Orlando City SC,Right Wing,"$89,716.00","$95,716.00"
Luca,Moisa,Real Salt Lake,Central Midfield,"$71,401.00","$71,401.00"
Shaq,Moore,Nashville SC,Right-back,"$800,000.00","$881,500.00"
Felipe,Mora,Portland Timbers,Center Forward,"$1,275,000.00","$1,472,750.00"
Alfredo,Morales,San Jose Earthquakes,Central Midfield,"$300,000.00","$335,500.00"
Efraín,Morales,Atlanta United,Center-back,"$89,716.00","$97,735.00"
Santiago,Morales,Inter Miami,Attacking Midfield,"$71,401.00","$79,734.00"
Maxi,Moralez,New York City FC,Attacking Midfield,"$480,000.00","$500,000.00"
Steven,Moreira,Columbus Crew,Right-back,"$800,000.00","$882,000.00"
Santiago,Moreno,Portland Timbers,Right Wing,"$550,000.00","$607,500.00"
Lewis,Morgan,New York Red Bulls,Left Wing,"$1,250,000.00","$1,425,000.00"
Aidan,Morris,Columbus Crew,Central Midfield,"$650,000.00","$714,375.00"
Jordan,Morris,Seattle Sounders FC,Left Wing,"$1,683,750.00","$1,693,750.00"
Juan,Mosquera,Portland Timbers,Right-back,"$225,000.00","$291,650.00"
Edwin,Mosquera,Atlanta United,Left Wing,"$400,000.00","$437,000.00"
Cole,Mrowka,Columbus Crew,Attacking Midfield,"$71,401.00","$91,409.00"
Chris,Mueller,Chicago Fire,Right Wing,"$650,004.00","$712,324.00"
Hany,Mukhtar,Nashville SC,Attacking Midfield,"$3,800,000.00","$5,211,667.00"
José,Mulato,FC Dallas,Center Forward,"$89,716.00","$127,899.00"
Daniel,Munie,San Jose Earthquakes,Center-back,"$71,401.00","$71,401.00"
Luis,Muriel,Orlando City SC,Center Forward,"$2,832,817.00","$4,336,150.00"
Jesús,Murillo,LAFC,Center-back,"$500,000.00","$559,500.00"
Ian,Murphy,FC Cincinnati,Center-back,"$89,716.00","$91,966.00"
Jacob,Murrell,DC United,Forward,"$71,401.00","$71,401.00"
Petar,Musa,FC Dallas,Center Forward,"$1,800,000.00","$2,230,000.00"
Trey,Muse,Portland Timbers,Goalkeeper,"$89,716.00","$89,716.00"
Danny,Musovski,Seattle Sounders FC,Center Forward,"$359,091.00","$389,394.00"
Alex,Muyl,Nashville SC,Right Wing,"$525,000.00","$525,000.00"
Tristan,Muyumba,Atlanta United,Defensive Midfield,"$525,000.00","$566,600.00"
Darlington,Nagbe,Columbus Crew,Central Midfield,"$1,400,000.00","$1,540,000.00"
Miguel,Navarro,Colorado Rapids,Left-back,"$300,000.00","$339,000.00"
Federico,Navarro,Chicago Fire,Defensive Midfield,"$500,000.00","$557,500.00"
Rafael,Navarro Leal,Colorado Rapids,Center Forward,"$1,125,000.00","$1,452,708.00"
Logan,Ndenbe,Sporting Kansas City,Left-back,"$400,000.00","$405,000.00"
Jalen,Neal,LA Galaxy,Center-back,"$165,000.00","$178,625.00"
Sean,Nealis,New York Red Bulls,Center-back,"$450,000.00","$526,250.00"
Dylan,Nealis,New York Red Bulls,Right-back,"$247,500.00","$272,500.00"
Jack,Neeley,Charlotte FC,Center-back,"$71,401.00","$73,401.00"
Franco,Negri,Inter Miami,Left-back,"$250,000.00","$342,500.00"
John,Nelson,LA Galaxy,Left-back,"$275,000.00","$291,667.00"
Jake,Nerwinski,St. Louis City SC,Right-back,"$250,000.00","$277,500.00"
Sanders,Ngabo,Philadelphia Union,Central Midfield,"$71,401.00","$87,986.00"
J.C.,Ngando,Vancouver Whitecaps,Defensive Midfield,"$89,716.00","$107,715.00"
Serge,Ngoma,New York Red Bulls,Right Wing,"$89,716.00","$109,668.00"
Sam,Nicholson,Colorado Rapids,Left Midfield,"$350,000.00","$385,313.00"
Joakim,Nilsson,St. Louis City SC,Center-back,"$1,135,000.00","$1,203,500.00"
Nolan,Norris,FC Dallas,Left-back,"$89,716.00","$108,358.00"
Tsiki,Ntsabeleng,FC Dallas,Attacking Midfield,"$89,716.00","$89,716.00"
Obinna,Nwobodo,FC Cincinnati,Defensive Midfield,"$1,310,000.00","$1,444,400.00"
Moses,Nyeman,Minnesota United,Defensive Midfield,"$150,000.00","$168,822.00"
Aidan,O'Connor,New York Red Bulls,Center-back,"$71,401.00","$71,401.00"
Owen,O'Malley,MLS Pool,Right-back,"$71,401.00","$76,401.00"
Shane,O'Neill,Toronto FC,Center-back,"$375,000.00","$413,000.00"
Kevin,O'Toole,New York City FC,Left-back,"$175,000.00","$195,833.00"
Jáder,Obrian,Austin FC,Right Wing,"$495,000.00","$537,300.00"
Emmanuel,Ochoa,San Jose Earthquakes,Goalkeeper,"$160,000.00","$170,071.00"
David,Ochoa,Inter Miami,Defensive Midfield,"$71,401.00","$73,401.00"
Richard,Odada,Philadelphia Union,Central Midfield,"$110,000.00","$130,300.00"
Chituru,Odunze,Charlotte FC,Goalkeeper,"$71,401.00","$84,909.00"
Chinonso,Offor,CF Montreal,Center Forward,"$230,004.00","$287,879.00"
Curtis,Ofori,New York Red Bulls,Left-back,"$89,716.00","$98,466.00"
Braian,Ojeda,Real Salt Lake,Central Midfield,"$600,000.00","$658,653.00"
Agustín,Ojeda,New York City FC,Left Wing,"$480,000.00","$547,833.00"
Martín,Ojeda,Orlando City SC,Left Wing,"$900,000.00","$972,600.00"
Christian,Olivares,St. Louis City SC,Goalkeeper,"$71,401.00","$71,401.00"
Cristian,Olivera,LAFC,Right Wing,"$680,000.00","$680,000.00"
Tani,Oluwaseyi,Minnesota United,Center Forward,"$89,716.00","$89,716.00"
Wyatt,Omsberg,Chicago Fire,Center-back,"$200,000.00","$217,000.00"
Kwadwo,Opoku,CF Montreal,Right Wing,"$344,828.00","$485,055.00"
Arquímides,Ordóñez,FC Cincinnati,Center Forward,"$89,716.00","$93,253.00"
Nathan,Ordaz,LAFC,Center Forward,"$128,500.00","$131,000.00"
Sergio,Oregel,Chicago Fire,Central Midfield,"$89,716.00","$89,716.00"
Luca,Orellano,FC Cincinnati,Right Wing,"$89,716.00","$89,716.00"
Jaziel,Orozco,Real Salt Lake,Defensive Midfield,"$89,716.00","$89,716.00"
Jonathan,Osorio,Toronto FC,Central Midfield,"$788,036.00","$836,369.00"
Tomás,Ostrák,St. Louis City SC,Attacking Midfield,"$700,000.00","$801,000.00"
Javier,Otero,Orlando City SC,Goalkeeper,"$71,401.00","$71,401.00"
Bryan,Oviedo,Real Salt Lake,Left-back,"$375,000.00","$425,826.00"
Prince Osei,Owusu,Toronto FC,Center Forward,"$700,000.00","$807,500.00"
Jonathan,Pérez,LA Galaxy,Left Wing,"$275,000.00","$308,000.00"
Woobens,Pacius,Nashville SC,Center Forward,"$71,401.00","$71,401.00"
Devin,Padelford,Minnesota United,Left-back,"$89,716.00","$96,716.00"
Maarten,Paes,FC Dallas,Goalkeeper,"$325,000.00","$397,000.00"
Joseph,Paintsil,LA Galaxy,Right Wing,"$3,136,000.00","$3,358,000.00"
Nelson,Palacio,Real Salt Lake,Central Midfield,"$330,000.00","$373,167.00"
Sergi,Palencia,LAFC,Right-back,"$350,004.00","$557,504.00"
Jack,Panayotou,New England Revolution,Attacking Midfield,"$89,716.00","$91,716.00"
Elliot,Panicco,Nashville SC,Goalkeeper,"$114,000.00","$114,000.00"
James,Pantemis,Portland Timbers,Goalkeeper,"$125,000.00","$145,833.00"
Cristhian,Paredes,Portland Timbers,Central Midfield,"$580,000.00","$678,000.00"
Nick,Pariano,Philadelphia Union,Attacking Midfield,"$71,401.00","$76,594.00"
Isaiah,Parker,FC Dallas,Left-back,"$100,000.00","$101,000.00"
Tim,Parker,St. Louis City SC,Center-back,"$1,000,000.00","$1,037,500.00"
Keaton,Parks,New York City FC,Defensive Midfield,"$900,000.00","$970,000.00"
Ilijah,Paul,Real Salt Lake,Center Forward,"$89,716.00","$97,229.00"
Tyson,Pearce,St. Louis City SC,Defensive Midfield,"$71,401.00","$71,401.00"
Adam,Pearlman,Toronto FC,Center-back,"$71,401.00","$84,701.00"
Nathan Raphael,Pelae Cardoso,Seattle Sounders FC,Center-back,"$550,000.00","$550,000.00"
Amahl,Pellegrino,San Jose Earthquakes,Left Wing,"$850,000.00","$912,500.00"
Matti,Peltola,DC United,Defensive Midfield,"$681,818.00","$757,818.00"
Andrés,Perea,New York City FC,Defensive Midfield,"$575,000.00","$641,500.00"
Daniel,Pereira,Austin FC,Central Midfield,"$125,000.00","$138,414.00"
Miguel,Perez,St. Louis City SC,Central Midfield,"$71,401.00","$71,401.00"
Jordan,Perruzza,Toronto FC,Center Forward,"$136,500.00","$139,000.00"
Nikola,Petkovic,Charlotte FC,Defensive Midfield,"$360,000.00","$406,250.00"
Luca,Petrasso,Orlando City SC,Left-back,"$95,000.00","$104,024.00"
Raoul,Petretta,Toronto FC,Left-back,"$675,000.00","$906,625.00"
Fafà,Picault,Vancouver Whitecaps,Left Wing,"$650,000.00","$670,000.00"
Selmir,Pidro,St. Louis City SC,Left-back,"$325,000.00","$374,375.00"
Delentz,Pierre,Real Salt Lake,Center-back,"$71,401.00","$76,836.00"
Kayden,Pierre,Sporting Kansas City,Right-back,"$89,716.00","$96,091.00"
Nelson,Pierre,Philadelphia Union,Center Forward,"$71,401.00","$85,517.00"
Samuel,Piette,CF Montreal,Defensive Midfield,"$397,375.00","$434,500.00"
Mauricio,Pineda,Chicago Fire,Center-back,"$345,000.00","$376,220.00"
Malik,Pinto,FC Cincinnati,Defensive Midfield,"$71,401.00","$71,401.00"
Matt,Polster,New England Revolution,Defensive Midfield,"$550,000.00","$591,667.00"
Célio Antonio,Pompeu,St. Louis City SC,Left Wing,"$164,095.00","$198,989.00"
Paxton,Pomykal,FC Dallas,Attacking Midfield,"$950,000.00","$1,058,000.00"
Tomas,Pondeca,FC Dallas,Right Wing,"$71,401.00","$71,401.00"
Alvas,Powell,FC Cincinnati,Right-back,"$250,000.00","$294,500.00"
Ralph,Priso,Vancouver Whitecaps,Defensive Midfield,"$125,000.00","$125,000.00"
Andrew,Privett,Charlotte FC,Center-back,"$71,401.00","$71,401.00"
Riqui,Puig,LA Galaxy,Central Midfield,"$2,349,996.00","$2,449,996.00"
Teemu,Pukki,Minnesota United,Center Forward,"$3,200,000.00","$3,550,000.00"
Alan,Pulido,Sporting Kansas City,Center Forward,"$3,600,000.00","$3,600,000.00"
John,Pulskamp,Sporting Kansas City,Goalkeeper,"$200,000.00","$223,500.00"
Nelson,Quiñónes,Houston Dynamo,Left Wing,"$231,996.00","$252,890.00"
Philip,Quinton,Real Salt Lake,Center-back,"$89,716.00","$89,716.00"
Daniel,Ríos,Atlanta United,Center Forward,"$89,716.00","$126,383.00"
Nemanja,Radoja,Sporting Kansas City,Defensive Midfield,"$1,440,000.00","$1,530,000.00"
Jeremy,Rafanello,Philadelphia Union,Attacking Midfield,"$100,000.00","$107,636.00"
Jackson,Ragen,Seattle Sounders FC,Center-back,"$98,261.00","$98,261.00"
Brooklyn,Raines,Houston Dynamo,Central Midfield,"$100,000.00","$118,063.00"
Christian,Ramirez,Columbus Crew,Center Forward,"$450,000.00","$495,833.00"
Alex,Rando,New York City FC,Goalkeeper,"$71,401.00","$71,401.00"
Greg,Ranjitsingh,Toronto FC,Goalkeeper,"$94,202.00","$94,202.00"
Ryan,Raposo,Vancouver Whitecaps,Left Midfield,"$150,000.00","$155,000.00"
Henrich,Ravas,New England Revolution,Goalkeeper,"$240,000.00","$267,000.00"
Matt,Real,Philadelphia Union,Left-back,"$155,000.00","$171,500.00"
Federico,Redondo,Inter Miami,Defensive Midfield,"$150,000.00","$255,000.00"
João Pedro,Reginaldo,Charlotte FC,Center-back,"$89,716.00","$101,311.00"
Tahir,Reid-Brown,Orlando City SC,Left-back,"$71,401.00","$85,909.00"
Andrés,Reyes,New York Red Bulls,Center-back,"$642,000.00","$792,000.00"
Justin,Reynolds,Chicago Fire,Right-back,"$71,401.00","$71,401.00"
Emanuel,Reynoso,Minnesota United,Attacking Midfield,"$1,700,000.00","$2,251,200.00"
Spencer,Richey,Chicago Fire,Goalkeeper,"$165,000.00","$165,000.00"
Will,Richmond,San Jose Earthquakes,Right Wing,"$89,716.00","$89,716.00"
Jamar,Ricketts,San Jose Earthquakes,Left-back,"$71,401.00","$72,988.00"
Emiliano,Rigoni,Austin FC,Right Wing,"$1,599,996.00","$2,047,996.00"
Chris,Rindov,Sporting Kansas City,Center-back,"$71,401.00","$71,401.00"
Alexander,Ring,Austin FC,Central Midfield,"$1,525,000.00","$1,665,000.00"
Birk,Risa,New York City FC,Center-back,"$660,000.00","$749,750.00"
Luis,Rivera,Real Salt Lake,Left-back,"$89,716.00","$100,816.00"
Damián,Rivera,New England Revolution,Left Wing,"$92,610.00","$92,610.00"
Miles,Robinson,FC Cincinnati,Center-back,"$1,431,820.00","$1,578,580.00"
Robbie,Robinson,Inter Miami,Left Wing,"$250,000.00","$262,000.00"
Missael,Rodríguez,Chicago Fire,Center Forward,"$89,716.00","$89,716.00"
Martín,Rodríguez,DC United,Left Wing,"$1,100,000.00","$1,366,200.00"
Santiago,Rodríguez,New York City FC,Attacking Midfield,"$1,200,000.00","$1,331,333.00"
Memo,Rodríguez,Sporting Kansas City,Left Midfield,"$89,716.00","$98,716.00"
Emerson,Rodríguez,Inter Miami,Right Wing,"$345,000.00","$380,700.00"
Jonathan,Rodríguez,Portland Timbers,Center Forward,"$1,775,000.00","$2,627,500.00"
Braudílio,Rodrigues,Seattle Sounders FC,Left Wing,"$89,716.00","$89,716.00"
Antônio Josenildo,Rodrigues de Oliveira,San Jose Earthquakes,Center-back,"$650,000.00","$708,000.00"
Matías,Rojas,Inter Miami,Attacking Midfield,"$150,000.00","$516,667.00"
Cristian,Roldán,Seattle Sounders FC,Central Midfield,"$1,420,000.00","$1,541,000.00"
Álex,Roldán,Seattle Sounders FC,Right-back,"$465,000.00","$465,000.00"
Abraham,Romero,LAFC,Goalkeeper,"$89,716.00","$89,716.00"
Tomás,Romero,New York City FC,Goalkeeper,"$71,401.00","$71,401.00"
Brian,Romero,Charlotte FC,Right Wing,"$100,000.00","$110,833.00"
Dave,Romney,New England Revolution,Center-back,"$675,000.00","$721,667.00"
Connor,Ronan,Colorado Rapids,Central Midfield,"$470,000.00","$522,400.00"
Joseph,Rosales,Minnesota United,Central Midfield,"$93,988.00","$93,988.00"
Keegan,Rosenberry,Colorado Rapids,Right-back,"$400,000.00","$400,000.00"
Dany,Rosero,Sporting Kansas City,Center-back,"$510,000.00","$510,000.00"
Diego,Rossi,Columbus Crew,Left Wing,"$2,675,000.00","$3,376,827.00"
Sigurd,Rosted,Toronto FC,Center-back,"$750,000.00","$755,000.00"
Paul,Rothrock,Seattle Sounders FC,Center Forward,"$89,716.00","$89,716.00"
Rubio,Rubín,Real Salt Lake,Center Forward,"$626,400.00","$699,247.00"
Diego,Rubio,Austin FC,Center Forward,"$350,000.00","$390,000.00"
Raúl,Ruidíaz,Seattle Sounders FC,Center Forward,"$2,000,000.00","$2,729,120.00"
Pablo,Ruiz,Real Salt Lake,Central Midfield,"$825,000.00","$911,500.00"
Albert,Rusnák,Seattle Sounders FC,Attacking Midfield,"$2,150,000.00","$2,221,667.00"
Johnny,Russell,Sporting Kansas City,Right Wing,"$1,000,000.00","$1,000,000.00"
Jacen,Russell-Rowe,Columbus Crew,Center Forward,"$89,716.00","$97,105.00"
Ilie,Sánchez,LAFC,Defensive Midfield,"$1,267,875.00","$1,267,875.00"
Ryan,Sailor,Inter Miami,Center-back,"$89,716.00","$89,716.00"
Carl,Sainté,FC Dallas,Defensive Midfield,"$71,401.00","$71,401.00"
Enes,Sali,FC Dallas,Left Wing,"$300,000.00","$345,000.00"
Nathan-Dylan,Saliba,CF Montreal,Central Midfield,"$130,000.00","$142,434.00"
Abdi,Salim,Orlando City SC,Center-back,"$71,401.00","$71,401.00"
Dániel,Sallói,Sporting Kansas City,Left Wing,"$1,300,000.00","$1,300,000.00"
Tobias,Salquist,Chicago Fire,Center-back,"$400,000.00","$454,167.00"
Will,Sands,Columbus Crew,Left-back,"$125,000.00","$131,250.00"
James,Sands,New York City FC,Defensive Midfield,"$1,000,000.00","$1,058,333.00"
Pedro,Santos,DC United,Right Wing,"$450,000.00","$490,000.00"
Sergio,Santos,FC Cincinnati,Center Forward,"$800,000.00","$915,625.00"
Kieran,Sargeant,Houston Dynamo,Defender,"$71,401.00","$73,594.00"
Hayden,Sargis,DC United,Center-back,"$89,716.00","$89,716.00"
Nick,Scardina,Charlotte FC,Right-back,"$71,401.00","$71,401.00"
Alessandro,Schöpf,Vancouver Whitecaps,Attacking Midfield,"$900,000.00","$992,500.00"
Ryan,Schewe,Sporting Kansas City,Goalkeeper,"$71,401.00","$71,401.00"
Matteo,Schiavoni,CF Montreal,Right Midfield,"$71,401.00","$77,383.00"
Rodrigo,Schlegel,Orlando City SC,Center-back,"$350,000.00","$399,250.00"
Tate,Schmitt,Houston Dynamo,Left-back,"$150,000.00","$150,000.00"
Patrick,Schulte,Columbus Crew,Goalkeeper,"$150,000.00","$160,603.00"
Tarik,Scott,FC Dallas,Left Wing,"$89,716.00","$105,658.00"
Brady,Scott,LA Galaxy,Goalkeeper,"$89,716.00","$111,383.00"
Dante,Sealy,FC Dallas,Left Wing,"$275,036.00","$297,787.00"
Gabriel,Segal,Houston Dynamo,Center Forward,"$71,401.00","$71,401.00"
Eddie,Segura,LAFC,Center-back,"$250,000.00","$250,000.00"
Amar,Sejdić,Nashville SC,Defensive Midfield,"$89,716.00","$89,716.00"
Oliver,Semmle,Philadelphia Union,Goalkeeper,"$89,716.00","$106,040.00"
Brandon,Servania,Toronto FC,Central Midfield,"$550,000.00","$602,708.00"
Jacob,Shaffelburg,Nashville SC,Left Wing,"$350,000.00","$395,000.00"
Xherdan,Shaqiri,Chicago Fire,Attacking Midfield,"$7,350,000.00","$8,153,000.00"
Khiry,Shelton,Sporting Kansas City,Center Forward,"$700,000.00","$750,000.00"
Jonathan,Shore,New York City FC,Central Midfield,"$71,401.00","$83,901.00"
Tommy,Silva,Real Salt Lake,Left-back,"$71,401.00","$77,383.00"
Marcelo,Silva,Real Salt Lake,Center-back,"$400,000.00","$400,000.00"
Xande,Silva,Atlanta United,Left Wing,"$560,000.00","$604,250.00"
Luke,Singh,Toronto FC,Center-back,"$140,000.00","$147,966.00"
Adem,Sipić,Nashville SC,Center Forward,"$71,401.00","$129,053.00"
Jonathan,Sirois,CF Montreal,Goalkeeper,"$135,000.00","$152,156.00"
Jack,Skahan,San Jose Earthquakes,Central Midfield,"$150,000.00","$150,000.00"
Joey,Skinner,Nashville SC,Left-back,"$71,401.00","$76,401.00"
Bartosz,Slisz,Atlanta United,Defensive Midfield,"$630,000.00","$830,000.00"
Tyger,Smalls,Charlotte FC,Left Wing,"$71,401.00","$71,401.00"
Brad,Smith,Houston Dynamo,Left-back,"$424,999.00","$471,249.00"
Kyle,Smith,Orlando City SC,Right-back,"$290,000.00","$305,900.00"
Santiago,Sosa,Atlanta United,Defensive Midfield,"$685,000.00","$778,100.00"
Joaquín,Sosa,CF Montreal,Center-back,"$251,500.00","$251,500.00"
Arnaud,Souquet,Chicago Fire,Right-back,"$620,012.00","$699,679.00"
Ryan,Spaulding,New England Revolution,Left-back,"$89,716.00","$89,716.00"
Tyrese,Spicer,Toronto FC,Left Wing,"$71,401.00","$73,901.00"
Dayne,St. Clair,Minnesota United,Goalkeeper,"$460,000.00","$481,875.00"
Mason,Stajduhar,Orlando City SC,Goalkeeper,"$142,000.00","$157,650.00"
Zack,Steffen,Colorado Rapids,Goalkeeper,"$900,000.00","$900,000.00"
Daniel,Steres,Houston Dynamo,Center-back,"$450,000.00","$498,425.00"
Kimani,Stewart-Baynes,Colorado Rapids,Left Wing,"$71,401.00","$72,401.00"
Aidan,Stokes,New York Red Bulls,Goalkeeper,"$71,401.00","$88,169.00"
Jared,Stroud,DC United,Left Wing,"$230,000.00","$272,500.00"
Peter,Stroud,New York Red Bulls,Central Midfield,"$89,716.00","$109,719.00"
Brad,Stuver,Austin FC,Goalkeeper,"$459,000.00","$481,813.00"
Santiago,Suárez,New England Revolution,Center-back,"$89,716.00","$102,938.00"
Luis,Suárez,Inter Miami,Center Forward,"$1,500,000.00","$1,500,000.00"
Quinn,Sullivan,Philadelphia Union,Right Midfield,"$150,000.00","$153,500.00"
Hunter,Sulte,Portland Timbers,Goalkeeper,"$89,716.00","$93,519.00"
Lawson,Sunderland,Inter Miami,Central Midfield,"$71,401.00","$71,401.00"
Sam,Surridge,Nashville SC,Center Forward,"$2,500,000.00","$2,907,639.00"
Erik,Sviatchenko,Houston Dynamo,Center-back,"$774,996.00","$824,996.00"
Ousmane,Sylla,Houston Dynamo,Midfielder,"$71,401.00","$71,401.00"
Yohei,Takaoka,Vancouver Whitecaps,Goalkeeper,"$672,000.00","$789,713.00"
Strahinja,Tanasijevic,New York City FC,Center-back,"$240,000.00","$308,750.00"
Miguel,Tapias,Minnesota United,Center-back,"$725,000.00","$811,875.00"
Andrew,Tarbell,Houston Dynamo,Goalkeeper,"$250,000.00","$280,000.00"
Sidnei,Tavares,Colorado Rapids,Central Midfield,"$525,000.00","$750,600.00"
Iuri,Tavares,Charlotte FC,Left Wing,"$89,716.00","$101,769.00"
D.J.,Taylor,Minnesota United,Right-back,"$160,000.00","$220,233.00"
Robert,Taylor,Inter Miami,Left Wing,"$300,000.00","$326,900.00"
Carlos,Terán,Chicago Fire,Center-back,"$529,000.00","$619,000.00"
Dylan,Teves,Seattle Sounders FC,Central Midfield,"$89,716.00","$89,716.00"
Dagur Dan,Thórhallsson,Orlando City SC,Right-back,"$180,000.00","$215,500.00"
Nökkvi,Thórisson,St. Louis City SC,Left Wing,"$180,000.00","$202,438.00"
Jamal,Thiaré,Atlanta United,Center Forward,"$500,000.00","$595,000.00"
Andrew,Thomas,Seattle Sounders FC,Goalkeeper,"$150,000.00","$150,000.00"
Erik,Thommy,Sporting Kansas City,Attacking Midfield,"$1,000,000.00","$1,106,250.00"
Tommy,Thompson,San Jose Earthquakes,Right-back,"$89,716.00","$89,716.00"
Kosi,Thompson,Toronto FC,Right Midfield,"$95,000.00","$100,260.00"
Róbert Orri,Thorkelsson,CF Montreal,Center-back,"$225,000.00","$248,500.00"
Timothy,Tillman,LAFC,Central Midfield,"$600,000.00","$637,500.00"
John,Tolkin,New York Red Bulls,Left-back,"$450,000.00","$485,750.00"
Nouhou,Tolo,Seattle Sounders FC,Left-back,"$550,000.00","$571,875.00"
Adyn,Torres,Atlanta United,Central Midfield,"$71,401.00","$71,401.00"
Facundo,Torres,Orlando City SC,Right Wing,"$1,560,000.00","$1,812,400.00"
Joaquín,Torres,Philadelphia Union,Right Wing,"$300,000.00","$349,800.00"
Tomas,Totland,St. Louis City SC,Right-back,"$273,000.00","$314,763.00"
Dantouma,Toure,MLS Pool,Right Wing,"$89,716.00","$104,334.00"
Mason,Toye,CF Montreal,Center Forward,"$600,000.00","$658,000.00"
Wil,Trapp,Minnesota United,Defensive Midfield,"$400,000.00","$445,000.00"
Jackson,Travis,Colorado Rapids,Left-back,"$89,716.00","$92,216.00"
Holden,Trent,Philadelphia Union,Goalkeeper,"$89,716.00","$89,716.00"
Niko,Tsakiris,San Jose Earthquakes,Central Midfield,"$110,000.00","$114,167.00"
Garrison,Tubbs,DC United,Center-back,"$71,401.00","$71,401.00"
Bill,Tuiloma,Charlotte FC,Center-back,"$460,000.00","$484,938.00"
Ema,Twumasi,FC Dallas,Right-back,"$370,000.00","$389,300.00"
Marinos,Tzionis,Sporting Kansas City,Left Wing,"$625,000.00","$625,000.00"
Mikael,Uhre,Philadelphia Union,Center Forward,"$1,800,000.00","$2,040,000.00"
Nathan,Uiliam Fogaça,Portland Timbers,Center Forward,"$89,716.00","$89,716.00"
Jere,Uronen,Charlotte FC,Left-back,"$525,000.00","$572,813.00"
Alejandro,Urzua,FC Dallas,Central Midfield,"$71,401.00","$71,401.00"
Bjørn Inge,Utvik,Vancouver Whitecaps,Center-back,"$450,000.00","$502,083.00"
Leo,Väisänen,Austin FC,Center-back,"$600,000.00","$654,500.00"
Xavier,Valdez,Houston Dynamo,Goalkeeper,"$89,716.00","$99,427.00"
Jhojan,Valencia,Austin FC,Defensive Midfield,"$450,000.00","$495,125.00"
Felipe,Valencia,Inter Miami,Right Wing,"$89,716.00","$89,716.00"
Zarek,Valentin,Minnesota United,Right-back,"$93,988.00","$93,988.00"
Gerardo,Valenzuela,FC Cincinnati,Attacking Midfield,"$71,401.00","$88,943.00"
Dante,Vanzeir,New York Red Bulls,Center Forward,"$1,350,000.00","$1,489,767.00"
Obed,Vargas,Seattle Sounders FC,Central Midfield,"$89,716.00","$98,748.00"
Alenis,Vargas,Sporting Kansas City,Center Forward,"$71,401.00","$71,401.00"
Kerwin,Vargas,Charlotte FC,Center Forward,"$400,000.00","$437,125.00"
Indiana,Vassilev,St. Louis City SC,Attacking Midfield,"$290,000.00","$322,250.00"
David,Vazquez,Philadelphia Union,Left Wing,"$71,401.00","$87,281.00"
Alan,Velasco,FC Dallas,Left Wing,"$1,250,000.00","$1,451,000.00"
Brayan,Vera,Real Salt Lake,Center-back,"$475,000.00","$532,000.00"
Oscar,Verhoeven,San Jose Earthquakes,Right-back,"$89,716.00","$103,111.00"
Ranko,Veselinovic,Vancouver Whitecaps,Center-back,"$620,000.00","$687,125.00"
Jules-Anthony,Vilsaint,CF Montreal,Center Forward,"$89,716.00","$96,591.00"
Sam,Vines,Colorado Rapids,Left-back,"$850,000.00","$862,500.00"
Pedro,Vite,Vancouver Whitecaps,Attacking Midfield,"$621,000.00","$674,997.00"
Gino,Vivi,LA Galaxy,Left Wing,"$71,401.00","$71,401.00"
Robert,Voloder,Sporting Kansas City,Center-back,"$450,000.00","$477,860.00"
Giacomo,Vrioni,New England Revolution,Center Forward,"$1,700,000.00","$1,947,500.00"
Kai,Wagner,Philadelphia Union,Left-back,"$875,000.00","$1,032,500.00"
Casey,Walls,San Jose Earthquakes,Center-back,"$200,000.00","$203,000.00"
Rémi,Walter,Sporting Kansas City,Central Midfield,"$900,000.00","$900,000.00"
Paul,Walters,FC Cincinnati,Goalkeeper,"$71,401.00","$79,368.00"
Victor,Wanyama,CF Montreal,Defensive Midfield,"$1,440,000.00","$1,800,000.00"
Taylor,Washington,Nashville SC,Left-back,"$89,716.00","$89,716.00"
Joel,Waterman,CF Montreal,Center-back,"$336,000.00","$384,333.00"
Akil,Watts,St. Louis City SC,Right-back,"$74,096.00","$74,096.00"
Patrick,Weah,Minnesota United,Center Forward,"$89,716.00","$103,008.00"
Marcelo,Weigandt,Inter Miami,Right-back,"$150,000.00","$384,708.00"
Jude,Wellings,Real Salt Lake,Central Midfield,"$110,000.00","$130,000.00"
Quentin,Westberg,Atlanta United,Goalkeeper,"$89,716.00","$109,716.00"
Ashley,Westwood,Charlotte FC,Defensive Midfield,"$750,000.00","$850,000.00"
Brian,White,Vancouver Whitecaps,Center Forward,"$754,500.00","$754,500.00"
Caleb,Wiley,Atlanta United,Left-back,"$150,000.00","$151,600.00"
Derrick,Williams,Atlanta United,Center-back,"$400,000.00","$447,500.00"
Thomas,Williams,Orlando City SC,Center-back,"$120,000.00","$126,530.00"
Eryk,Williamson,Portland Timbers,Central Midfield,"$675,000.00","$675,000.00"
Joe,Willis,Nashville SC,Goalkeeper,"$600,000.00","$658,333.00"
Bruno,Wilson,San Jose Earthquakes,Center-back,"$1,000,000.00","$1,118,333.00"
Hannes,Wolf,New York City FC,Left Wing,"$1,400,000.00","$1,510,000.00"
Tyler,Wolff,Atlanta United,Right Wing,"$150,000.00","$154,500.00"
Owen,Wolff,Austin FC,Central Midfield,"$110,000.00","$123,053.00"
Bobby,Wood,New England Revolution,Center Forward,"$450,000.00","$471,250.00"
Laurence,Wootton,Chicago Fire,Central Midfield,"$71,401.00","$73,285.00"
Zidane,Yañez,New York City FC,Center Forward,"$71,401.00","$75,568.00"
Miki,Yamane,LA Galaxy,Right-back,"$550,000.00","$616,667.00"
Dominik,Yankov,CF Montreal,Attacking Midfield,"$350,000.00","$385,000.00"
Darren,Yapi,Colorado Rapids,Center Forward,"$89,716.00","$100,549.00"
William,Yarbrough,San Jose Earthquakes,Goalkeeper,"$385,000.00","$385,000.00"
Joshua,Yaro,St. Louis City SC,Center-back,"$89,716.00","$89,716.00"
Dru,Yearwood,Nashville SC,Central Midfield,"$550,000.00","$597,250.00"
Yaw,Yeboah,Columbus Crew,Right Wing,"$600,000.00","$663,750.00"
DeAndre,Yedlin,FC Cincinnati,Right-back,"$850,000.00","$898,750.00"
Maya,Yoshida,LA Galaxy,Center-back,"$800,000.00","$893,334.00"
Jackson,Yueill,San Jose Earthquakes,Central Midfield,"$900,000.00","$936,875.00"
Luis,Zamudio,DC United,Goalkeeper,"$89,716.00","$89,716.00"
Gyasi,Zardes,Austin FC,Center Forward,"$1,000,000.00","$1,000,000.00"
Eriq,Zavaleta,LA Galaxy,Center-back,"$89,716.00","$89,716.00"
Sean,Zawadzki,Columbus Crew,Central Midfield,"$375,000.00","$421,875.00"
Walker,Zimmerman,Nashville SC,Center-back,"$3,200,000.00","$3,456,979.00"
Rida,Zouhir,CF Montreal,Central Midfield,"$89,716.00","$100,452.00"
Dario,Zuparic,Portland Timbers,Center-back,"$735,000.00","$907,950.00"