Philadelphia Union,Aaronson,Brenden,M-F,"$70,000.08 )","$98,309.48 )"
Seattle Sounders FC,Abdul-Salaam,Saad,D,"$70,250.04 )","$70,250.04 )"
Colorado Rapids,Abubakar,Lalas,D,"$135,000.00 )","$144,937.50 )"
Columbus Crew,Accam,David,M-F,"$1,010,004.00 )","$1,137,920.00 )"
Colorado Rapids,Acosta,Kellyn,D-M,"$549,999.96 )","$664,999.96 )"
DC United,Acosta,Luciano,M-F,"$600,000.00 )","$702,000.00 )"
FC Dallas,Acosta,Bryan,M,"$600,000.00 )","$650,000.00 )"
Orlando City SC,Acosta,Danilo,D,"$110,000.04 )","$110,000.04 )"
Atlanta United,Adams,"Mohammed ""Mo""",M,"$99,999.96 )","$134,999.96 )"
FC Cincinnati,Adi,Fanendo,F,"$1,360,008.00 )","$1,965,008.00 )"
Vancouver Whitecaps,Adnan,Ali,D,"$1,200,000.00 )","$1,277,499.90 )"
San Jose Earthquakes,Affolter,Francois,D,"$249,999.96 )","$281,999.96 )"
Columbus Crew,Afful,Harrison,D,"$288,099.96 )","$363,799.96 )"
New England Revolution,Agudelo,Juan,F,"$574,999.92 )","$604,999.92 )"
San Jose Earthquakes,Akanyirige,Jacob,D,"$62,225.04 )","$64,225.04 )"
Orlando City SC,Akindele,Tesho,F,"$150,000.00 )","$150,000.00 )"
Toronto FC,Akinola,Ayo,F,"$56,256.00 )","$124,256.00 )"
FC Cincinnati,Alashe,Fatai,D-M,"$189,999.96 )","$189,999.96 )"
FC Cincinnati,Albadawi,Nazmi,M-F,"$70,250.04 )","$70,250.04 )"
LA Galaxy,Alessandrini,Romain,M-F,"$1,610,004.00 )","$1,940,004.00 )"
FC Dallas,Alexander,Eric,M,"$270,000.00 )","$270,000.00 )"
Philadelphia Union,Allen,RJ,D,"$70,250.04 )","$70,250.04 )"
Real Salt Lake,Allen,Jordan,M-F,"$237,999.96 )","$237,999.96 )"
Minnesota United,Alonso,Osvaldo,D-M,"$650,000.04 )","$697,500.04 )"
Toronto FC,Altidore,Jozy,F,"$4,891,250.04 )","$6,332,250.04 )"
LA Galaxy,Alvarez,Favio,M-F,"$525,000.00 )","$586,250.00 )"
LA Galaxy,Alvarez,Efrain,M-F,"$70,872.00 )","$75,605.80 )"
Philadelphia Union,Alves,Fabinho,D,"$120,000.00 )","$120,000.00 )"
DC United,Amarikwa,Quincy,F,"$70,250.04 )","$70,250.04 )"
FC Cincinnati,Amaya,Frankie,M-F,"$110,000.04 )","$172,000.04 )"
Atlanta United,Ambrose,Mikey,D,"$72,351.60 )","$72,351.60 )"
FC Dallas,Anane-Gyasi,Edwin,M-F,"$570,000.00 )","$719,225.00 )"
Colorado Rapids,Anderson,Sebastian,D,"$56,250.00 )","$80,916.67 )"
New England Revolution,Angking,Isaac,M-F,"$70,250.04 )","$75,250.04 )"
New England Revolution,Anibaba,Jalil,D,"$101,250.00 )","$101,250.00 )"
LA Galaxy,Antuna,Uriel,M-F,"$420,000.00 )","$420,000.00 )"
FC Dallas,Aranguiz,Pablo,M-F,"$406,666.68 )","$466,666.68 )"
LA Galaxy,Araujo,Julian,D,"$80,000.04 )","$86,250.04 )"
New York City FC,Araujo dos Santos,Heber,F,"$785,000.04 )","$788,750.04 )"
Vancouver Whitecaps,Ardaiz,Joaquín,F,"$272,727.12 )","$272,727.12 )"
LA Galaxy,Arellano,Hugo,D,"$82,500.00 )","$90,073.75 )"
Columbus Crew,Argudo,Luis,M-F,"$57,225.00 )","$57,225.00 )"
Seattle Sounders FC,Arreaga,Xavier,D,"$393,600.00 )","$500,850.00 )"
Real Salt Lake,Arriaga,Luis,M,"$56,250.00 )","$56,250.00 )"
DC United,Arriola,Paul,M,"$675,000.00 )","$707,000.00 )"
Columbus Crew,Artur,,D-M,"$360,000.00 )","$411,633.33 )"
Orlando City SC,Ascues,Carlos,D-M,"$420,000.00 )","$451,500.00 )"
Portland Timbers,Asprilla,Dairon,M-F,"$200,000.04 )","$213,750.04 )"
Portland Timbers,Attinella,Jeff,GK,"$174,999.96 )","$187,249.96 )"
FC Dallas,Atuahene,Francis,M-F,"$135,000.00 )","$179,000.00 )"
LAFC,Atuesta,Eduard,D-M,"$474,999.96 )","$492,999.96 )"
Toronto FC,Auro,,D,"$225,000.00 )","$276,666.67 )"
Chicago Fire,Azira,Micheal,D-M,"$140,000.04 )","$146,625.04 )"
FC Dallas,Badji,Dominique,F,"$200,000.04 )","$206,250.04 )"
Vancouver Whitecaps,Bair,Thelonius,F,"$56,250.00 )","$76,250.00 )"
Real Salt Lake,Baird,Corey,F,"$70,008.00 )","$70,008.00 )"
Toronto FC,Bakero,Jon,F,"$70,250.04 )","$70,250.04 )"
Vancouver Whitecaps,Baldisimo,Michael,D-M,"$56,250.00 )","$83,012.80 )"
Vancouver Whitecaps,Bangoura,"Alhassane ""Lass""",M-F,"$99,999.96 )","$99,999.96 )"
Sporting Kansas City,Baráth,Botond,D,"$250,000.08 )","$297,333.41 )"
Atlanta United,Barco,Ezequiel,M-F,"$1,425,000.00 )","$1,425,000.00 )"
New York Red Bulls,Barlow,Tom,F,"$56,250.00 )","$56,250.00 )"
New York City FC,Barraza,Luis,GK,"$56,250.00 )","$56,250.00 )"
FC Dallas,Barrios,Michael,M-F,"$500,000.04 )","$500,000.04 )"
Colorado Rapids,Bassett,Cole,M,"$75,000.00 )","$84,000.00 )"
LAFC,Batista,Lamar,D,"$56,250.00 )","$56,250.00 )"
Montreal Impact,Bayiha,Clement,M-F,"$61,750.08 )","$67,125.08 )"
Houston Dynamo,Beasley,DaMarcus,D,"$275,000.04 )","$275,000.04 )"
Montreal Impact,Beaulieu,Jason,GK,"$70,250.04 )","$70,250.04 )"
Real Salt Lake,Beckerman,Kyle,D-M,"$300,000.00 )","$325,000.00 )"
New York City FC,Bedoya,Daniel,M-F,"$70,250.04 )","$70,250.04 )"
Philadelphia Union,Bedoya,Alejandro,M,"$1,200,000.00 )","$1,266,250.00 )"
LAFC,Beitashour,Steven,D,"$275,000.04 )","$298,375.04 )"
Atlanta United,Bello,George,D,"$75,000.00 )","$79,000.00 )"
Real Salt Lake,Beltran,Tony,D,"$195,000.00 )","$207,000.00 )"
Philadelphia Union,Bendik,Joe,GK,"$144,000.00 )","$144,000.00 )"
Toronto FC,Benezet,Nicolas,M-F,"$600,000.00 )","$600,000.00 )"
San Jose Earthquakes,Bersano,Matt,GK,"$71,666.88 )","$71,666.88 )"
FC Cincinnati,Bertone,Leonardo,M,"$450,000.00 )","$496,666.67 )"
Real Salt Lake,Besler,Nick,M,"$84,999.96 )","$84,999.96 )"
Sporting Kansas City,Besler,Matt,D,"$574,997.64 )","$674,997.64 )"
New York Red Bulls,Bezecourt,Vincent,M-F,"$70,875.00 )","$73,295.62 )"
LA Galaxy,Bingham,David,GK,"$375,000.00 )","$375,000.00 )"
Houston Dynamo,Bird,Eric,M,"$70,875.00 )","$70,875.00 )"
DC United,Birnbaum,Steven,D,"$525,000.00 )","$550,000.00 )"
Houston Dynamo,Bizama,Jose,D,"$243,636.00 )","$292,427.18 )"
LAFC,Blackmon,Tristan,D,"$70,250.04 )","$72,983.95 )"
Philadelphia Union,Blake,Andre,GK,"$500,004.00 )","$550,004.00 )"
Portland Timbers,Blanco,Sebastian,M-F,"$2,740,008.00 )","$2,853,341.33 )"
LAFC,Blessing,Latif,M-F,"$93,750.00 )","$110,416.67 )"
Colorado Rapids,Blomberg,Johan,M,"$250,962.00 )","$250,962.00 )"
Vancouver Whitecaps,Blondell,Anthony,F,"$262,500.00 )","$307,703.25 )"
DC United,Boateng,Emmanuel,M,"$185,000.04 )","$185,000.04 )"
FC Cincinnati,Bone,Corben,M,"$70,250.04 )","$70,250.04 )"
Toronto FC,Bono,Alex,GK,"$350,000.04 )","$382,000.04 )"
Chicago Fire,Bornstein,Jonathan,D-M,"$240,000.00 )","$263,200.00 )"
New England Revolution,Bou,Gustavo,F,"$2,100,000.00 )","$2,100,000.00 )"
Minnesota United,Boxall,Michael,D,"$300,000.00 )","$317,333.33 )"
Toronto FC,Bradley,Michael,M,"$6,000,000.00 )","$6,500,000.00 )"
Montreal Impact,Brault-Guillard,Zachary,D,"$72,000.00 )","$81,000.00 )"
FC Dallas,Bressan,,D,"$485,300.04 )","$521,931.29 )"
DC United,Brillant,Frederic,D,"$264,999.96 )","$299,999.96 )"
Chicago Fire,Bronico,Brandt,M,"$84,999.96 )","$90,624.96 )"
Seattle Sounders FC,Bruin,Will,F,"$350,000.04 )","$358,333.37 )"
New England Revolution,Buchanan,Tajon,M-F,"$90,000.00 )","$126,000.00 )"
New York Red Bulls,Buckmaster,Rece,D,"$56,250.00 )","$56,250.00 )"
New England Revolution,Bunbury,Teal,F,"$225,750.00 )","$270,750.00 )"
Philadelphia Union,Burke,Cory,F,"$75,937.56 )","$79,720.37 )"
Montreal Impact,Bush,Evan,GK,"$232,000.08 )","$294,666.75 )"
Sporting Kansas City,Busio,Gianluca,M-F,"$90,000.00 )","$92,500.00 )"
DC United,Bustamante,Antonio,D-M,"$70,250.04 )","$74,484.83 )"
Seattle Sounders FC,Bwana,Handwalla,M-F,"$57,225.00 )","$57,225.00 )"
New England Revolution,Bye,Brandon,D,"$59,950.08 )","$63,244.93 )"
Houston Dynamo,Cabezas,Juan,D-M,"$268,008.00 )","$292,008.00 )"
Montreal Impact,Cabrera,Victor,D,"$150,000.00 )","$172,328.33 )"
Columbus Crew,Cadden,Chris,M,"$56,250.00 )","$56,250.00 )"
New England Revolution,Caicedo,Luis,D-M,"$300,000.00 )","$300,000.00 )"
New England Revolution,Caicedo,Juan Fernando,F,"$500,000.04 )","$500,000.04 )"
New England Revolution,Caldwell,Scott,M,"$142,312.56 )","$153,208.56 )"
New York City FC,Caldwell,Jeff,GK,"$57,225.00 )","$57,225.00 )"
New York City FC,Callens,Alexander,D,"$600,000.00 )","$664,000.00 )"
San Jose Earthquakes,Calvillo,Eric,M,"$120,000.00 )","$136,500.00 )"
Chicago Fire,Calvo,Francisco,D,"$600,000.00 )","$672,600.00 )"
Montreal Impact,Camacho,Rudy,D,"$700,000.08 )","$749,152.58 )"
Seattle Sounders FC,Campbell,Jonathan,D,"$70,250.04 )","$70,250.04 )"
Chicago Fire,Campos,Diego,D,"$70,250.04 )","$72,825.04 )"
FC Dallas,Cannon,Reggie,D,"$80,250.00 )","$80,250.00 )"
DC United,Canouse,Russell,M,"$247,500.00 )","$247,500.00 )"
Atlanta United,Carleton,Andrew,M-F,"$84,999.96 )","$97,399.96 )"
Inter Miami,Carranza,Julian,F,"$70,250.04 )","$70,250.04 )"
LA Galaxy,Carrasco,Servando,M,"$70,250.04 )","$70,250.04 )"
Portland Timbers,Cascante,Julio,D,"$170,004.00 )","$170,004.00 )"
New York Red Bulls,Casseres,Cristian,M,"$79,999.92 )","$118,749.92 )"
New York City FC,Castellanos,Valentin,M-F,"$249,999.96 )","$274,806.41 )"
New England Revolution,Castillo,Edgar,D,"$249,999.96 )","$249,999.96 )"
Seattle Sounders FC,Cecchini,Emanuel,M,"$648,000.00 )","$789,000.00 )"
Houston Dynamo,Ceren,Darwin,D-M,"$300,000.00 )","$349,375.00 )"
FC Dallas,Cerrillo,Edwin,D-M,"$70,250.04 )","$100,250.04 )"
Minnesota United,Chacon,Thomas,M,"$324,999.96 )","$336,999.96 )"
New York City FC,Chanot,Maxime,D,"$650,000.04 )","$650,000.04 )"
Toronto FC,Chapman,Jay,M,"$120,000.00 )","$138,500.00 )"
Portland Timbers,Chara,Diego,M,"$550,000.08 )","$568,750.08 )"
Vancouver Whitecaps,Chirinos,Michaell,M,"$360,000.00 )","$396,875.00 )"
Montreal Impact,Choiniere,Mathieu,M,"$80,000.04 )","$86,390.04 )"
Toronto FC,Ciman,Laurent,D,"$399,999.96 )","$435,624.96 )"
Columbus Crew,Clark,Ricardo,M,"$159,999.96 )","$159,999.96 )"
Portland Timbers,Clark,Steve,GK,"$140,000.04 )","$140,000.04 )"
Chicago Fire,Cleveland,Stefan,GK,"$70,250.04 )","$70,250.04 )"
Chicago Fire,Collier,Elliot,M-F,"$57,225.00 )","$57,225.00 )"
Philadelphia Union,Collin,Aurelien,D,"$175,000.08 )","$175,000.08 )"
FC Dallas,Colman,Cristian,F,"$500,000.04 )","$585,000.04 )"
Orlando City SC,Colman,Josue,M-F,"$450,000.00 )","$450,000.00 )"
Vancouver Whitecaps,Colyn,Simon,M-F,"$56,250.00 )","$81,250.00 )"
Portland Timbers,Conechny,Tomas,M-F,"$396,000.00 )","$396,000.00 )"
Vancouver Whitecaps,Cornelius,Derek,D,"$99,999.96 )","$111,912.46 )"
LA Galaxy,Corona,Joe,M,"$549,999.96 )","$578,499.96 )"
Montreal Impact,Corrales,Jorge,D,"$70,875.00 )","$70,875.00 )"
San Jose Earthquakes,Cowell,Cade,F,"$57,225.00 )","$67,225.00 )"
Philadelphia Union,Creavalle,Warren,D-M,"$162,000.00 )","$175,300.00 )"
Vancouver Whitecaps,Crepeau,Maxime,GK,"$90,000.00 )","$94,083.33 )"
Columbus Crew,Crognale,Alex,D,"$104,504.40 )","$104,504.40 )"
Major League Soccer,Cronin,Sam,M,"$330,000.00 )","$396,990.33 )"
New England Revolution,Cropper,Cody,GK,"$77,519.52 )","$77,519.52 )"
FC Cincinnati,Cruz,Allan,M,"$300,000.00 )","$333,125.00 )"
LA Galaxy,Cuello,Emil,M-F,"$70,250.04 )","$70,250.04 )"
San Jose Earthquakes,Cummings,Harold,D,"$270,000.00 )","$320,666.67 )"
FC Cincinnati,Dally,Rashawn,F,"$56,250.00 )","$59,658.75 )"
Toronto FC,Daniels,Aidan,M-F,"$57,225.00 )","$57,225.00 )"
Minnesota United,Danladi,Abu,F,"$145,000.08 )","$180,000.08 )"
New York Red Bulls,Davis,Sean,M,"$300,000.00 )","$327,500.00 )"
Orlando City SC,De John,Alex,D,"$135,000.00 )","$146,614.17 )"
Philadelphia Union,De Vries,Jack,M-F,"$90,000.00 )","$120,556.25 )"
Major League Soccer,Del Grecco,Nicolas,D,"$120,000.00 )","$121,125.00 )"
Houston Dynamo,DeLaGarza,AJ,D,"$249,999.96 )","$253,749.96 )"
Seattle Sounders FC,Delem,Jordy,D-M,"$70,875.00 )","$70,875.00 )"
Toronto FC,DeLeon,Nick,D-M,"$159,528.00 )","$175,269.67 )"
Toronto FC,Delgado,"Marco ""Marky""",M,"$252,999.96 )","$252,999.96 )"
FC Cincinnati,Deplagne,Mathieu,D,"$240,000.00 )","$254,400.00 )"
Houston Dynamo,Deric,Tyler,GK,"$159,999.96 )","$167,499.96 )"
Seattle Sounders FC,Dhillon,Justin,F,"$70,250.04 )","$70,250.04 )"
Columbus Crew,Diaz,Luis,M,"$300,000.00 )","$333,900.00 )"
Sporting Kansas City,Dick,Eric,GK,"$70,250.04 )","$73,699.58 )"
Portland Timbers,Dielna,Claude,D,"$560,000.04 )","$600,000.04 )"
LAFC,Diomande,Adama,F,"$849,999.96 )","$934,999.96 )"
Montreal Impact,Diop,Clement,GK,"$94,500.00 )","$98,190.00 )"
Vancouver Whitecaps,Dominguez,Jon Erice,M,"$654,545.52 )","$752,363.70 )"
Toronto FC,Dorsey,Griffin,M-F,"$90,000.00 )","$134,000.00 )"
LA Galaxy,dos Santos,Jonathan,M,"$2,000,000.04 )","$2,000,000.04 )"
Minnesota United,Dotson,Hassani,M,"$56,250.00 )","$56,250.00 )"
Sporting Kansas City,Duke,Cameron,M,"$56,250.00 )","$69,250.00 )"
New York Red Bulls,Duncan,Kyle,D,"$70,250.04 )","$70,250.04 )"
Toronto FC,Dunn,Julian,D,"$57,225.00 )","$57,225.00 )"
DC United,Durkin,Chris,D-M,"$95,000.04 )","$104,375.04 )"
Orlando City SC,Dwyer,Dom,F,"$1,320,000.00 )","$1,503,333.33 )"
Portland Timbers,Ebobisse,Jeremy,F,"$174,999.96 )","$237,999.96 )"
Chicago Fire,Edwards,Raheem,M,"$70,250.04 )","$70,250.04 )"
DC United,Edwards,Earl,GK,"$70,250.04 )","$73,583.37 )"
LAFC,Ejimadu,Philip,GK,"$56,250.00 )","$56,250.00 )"
LAFC,El-Mounir,Mohammed,D,"$185,000.04 )","$207,666.71 )"
Houston Dynamo,Elis,Alberth,M-F,"$650,340.00 )","$650,340.00 )"
Philadelphia Union,Elliott,Jack,D,"$250,000.08 )","$265,000.08 )"
Toronto FC,Endoh,Tsubasa,M-F,"$70,250.04 )","$75,583.37 )"
New York Red Bulls,Epps,Marcus,M-F,"$70,250.04 )","$74,541.71 )"
San Jose Earthquakes,Eriksson,Magnus,M-F,"$450,000.00 )","$450,000.00 )"
Atlanta United,Escobar,Franco,D,"$300,000.00 )","$300,000.00 )"
San Jose Earthquakes,Espinoza,Cristian,M-F,"$500,000.04 )","$550,000.04 )"
Sporting Kansas City,Espinoza,Roger,M,"$800,000.04 )","$800,000.04 )"
FC Cincinnati,Etienne,Derrick,M-F,"$77,062.56 )","$82,062.56 )"
Philadelphia Union,Fabian,Marco,M-F,"$2,000,727.24 )","$2,274,087.24 )"
New England Revolution,Fagundez,Diego,M-F,"$185,000.04 )","$205,000.04 )"
Montreal Impact,Fanni,Rod,D,"$299,250.00 )","$299,250.00 )"
Portland Timbers,Farfan,Marco,D,"$80,250.00 )","$80,250.00 )"
New England Revolution,Farrell,Andrew,D,"$209,229.96 )","$344,229.96 )"
Sporting Kansas City,Feilhaber,Benny,M,"$413,400.00 )","$463,400.00 )"
San Jose Earthquakes,Felipe,Luis,D-M,"$70,875.00 )","$71,625.00 )"
LA Galaxy,Feltscher,Rolf,D,"$218,000.04 )","$242,650.04 )"
Sporting Kansas City,Fernandes,Gerso,M-F,"$550,008.00 )","$550,008.00 )"
New York Red Bulls,Fernandez,Omir,M-F,"$80,000.04 )","$95,000.04 )"
Portland Timbers,Fernandez,Brian,M-F,"$1,200,000.00 )","$1,275,800.00 )"
Chicago Fire,Ferreira,Marcelo,D,"$774,999.96 )","$797,499.96 )"
FC Dallas,Ferreira,Jesus,F,"$70,250.04 )","$70,250.04 )"
San Jose Earthquakes,Fierro,Carlos,M-F,"$660,000.00 )","$718,800.00 )"
Houston Dynamo,Figueroa,Maynor,D,"$70,250.04 )","$70,250.04 )"
Minnesota United,Finlay,Ethan,M-F,"$400,008.00 )","$400,008.00 )"
New England Revolution,Firmino,Nicolas,M,"$70,250.04 )","$73,916.71 )"
DC United,Fisher,Oniel,D,"$70,250.04 )","$74,916.71 )"
Portland Timbers,Flores,Andres,M-F,"$70,250.04 )","$70,250.04 )"
Philadelphia Union,Fontana,Anthony,M-F,"$70,260.00 )","$78,677.60 )"
Sporting Kansas City,Fontas,Andreu,D,"$1,050,000.00 )","$1,050,000.00 )"
Colorado Rapids,Ford,Kortne,D,"$92,496.00 )","$92,496.00 )"
Columbus Crew,Francis,Waylon,D,"$160,000.08 )","$199,166.75 )"
Chicago Fire,Frankowski,Przemyslaw,M-F,"$450,000.00 )","$661,687.50 )"
Toronto FC,Fraser,Liam,D-M,"$70,875.00 )","$75,875.00 )"
Sporting Kansas City,Freeman,Tyler,F,"$70,249.92 )","$82,749.92 )"
Philadelphia Union,Freese,Matt,GK,"$70,000.08 )","$77,650.08 )"
Seattle Sounders FC,Frei,Stefan,GK,"$325,000.08 )","$337,500.08 )"
Houston Dynamo,Fuenmayor,Alejandro,D,"$145,008.00 )","$172,508.00 )"
San Jose Earthquakes,Fuentes,Gilbert,M,"$80,000.04 )","$92,000.04 )"
Philadelphia Union,Gaddis,Raymon,D,"$190,000.08 )","$190,000.08 )"
Chicago Fire,Gaitan,Nicolas,M-F,"$1,400,004.00 )","$2,197,504.00 )"
Atlanta United,Gallagher,Jon,M-F,"$70,250.04 )","$70,250.04 )"
Toronto FC,Gallardo,Erickson,M,"$275,004.00 )","$306,916.60 )"
Houston Dynamo,Garcia,Oscar Boniek,M,"$168,000.00 )","$183,000.00 )"
Houston Dynamo,Garcia,Kevin,D,"$72,360.84 )","$72,360.84 )"
FC Cincinnati,Garza,Greg,D,"$270,000.00 )","$270,000.00 )"
Major League Soccer,Gashi,Shkelzen,M-F,"$1,575,000.00 )","$1,668,750.00 )"
Minnesota United,Gasper,Chase,D,"$56,250.00 )","$56,250.00 )"
FC Cincinnati,Gdula,Logan,D,"$56,250.00 )","$59,575.00 )"
New England Revolution,Gil,Carles,M-F,"$2,100,000.00 )","$2,337,500.00 )"
Vancouver Whitecaps,Giro,"Victor ""PC""",D-M,"$105,000.00 )","$110,312.50 )"
Real Salt Lake,Glad,Justen,D,"$345,000.00 )","$366,700.00 )"
San Jose Earthquakes,Godoy,Anibal,D-M,"$450,000.00 )","$498,125.00 )"
Vancouver Whitecaps,Godoy,Erik,D,"$381,818.16 )","$449,318.16 )"
FC Dallas,Gonzalez,Jesse,GK,"$217,500.00 )","$231,500.00 )"
Toronto FC,Gonzalez,Omar,D,"$918,000.00 )","$1,193,935.50 )"
LA Galaxy,Gonzalez,Giancarlo,D,"$650,000.04 )","$719,583.37 )"
Atlanta United,Gonzalez Pirez,Leandro,D,"$775,008.00 )","$810,008.00 )"
Atlanta United,Goslin,Chris,M-F,"$90,000.00 )","$90,000.00 )"
Minnesota United,Gregus,Jan,M,"$750,000.00 )","$883,500.00 )"
Atlanta United,Gressel,Julian,M,"$114,249.96 )","$132,999.96 )"
Orlando City SC,Grinwis,Adam,GK,"$70,875.00 )","$70,875.00 )"
LAFC,Guido,Alejandro,D-M,"$120,000.00 )","$120,000.00 )"
Sporting Kansas City,Gutierrez,Felipe,M,"$1,599,999.96 )","$1,649,999.96 )"
Chicago Fire,Gutjahr,Jeremiah,M,"$56,250.00 )","$56,250.00 )"
FC Cincinnati,Gutman,Andrew,D,"$99,999.96 )","$99,999.96 )"
Atlanta United,Guzan,Brad,GK,"$680,004.00 )","$740,004.00 )"
Columbus Crew,Guzman,David,D-M,"$320,000.04 )","$340,000.04 )"
FC Cincinnati,Gyau,Joe,M,"$148,200.00 )","$168,640.00 )"
New York City FC,Haak,Justin,M,"$56,250.00 )","$56,250.00 )"
FC Cincinnati,Hagglund,Nick,D,"$137,504.40 )","$147,129.40 )"
FC Cincinnati,Hague,Jimmy,GK,"$56,250.00 )","$56,250.00 )"
Houston Dynamo,Hairston,Marlon,M-F,"$155,004.00 )","$155,004.00 )"
San Jose Earthquakes,Haji,Siad,M,"$75,000.00 )","$104,000.00 )"
DC United,Hamid,Bill,GK,"$461,820.00 )","$487,495.00 )"
Columbus Crew,Hamilton,Jordan,F,"$124,992.00 )","$137,658.67 )"
Houston Dynamo,Hansen,Niko,M-F,"$71,662.56 )","$79,162.56 )"
LAFC,Harvey,Jordan,D,"$165,000.00 )","$165,000.00 )"
Vancouver Whitecaps,Hasal,Thomas,GK,"$56,250.00 )","$66,250.00 )"
Sporting Kansas City,Hasler,Nicolas,M,"$168,000.00 )","$183,666.67 )"
FC Dallas,Hayes,Jacori,M,"$71,662.56 )","$79,162.56 )"
FC Dallas,Hedges,Matt,D,"$550,008.00 )","$575,008.00 )"
Vancouver Whitecaps,Henry,Doneil,D,"$190,008.00 )","$204,241.71 )"
Chicago Fire,Herbers,Fabian,M-F,"$135,000.00 )","$135,000.00 )"
New England Revolution,Herivaux,Zachary,M,"$72,351.60 )","$87,351.60 )"
Atlanta United,Hernandez,Jose Rafael,D,"$140,004.00 )","$140,004.00 )"
FC Dallas,Hernandez,Moises,D,"$90,000.00 )","$90,000.00 )"
Sporting Kansas City,Hernandez,Felipe,M,"$56,250.00 )","$56,250.00 )"
Real Salt Lake,Herrera,Aaron,D,"$86,000.04 )","$86,000.04 )"
Columbus Crew,Higuain,Federico,M-F,"$1,100,000.04 )","$1,100,000.04 )"
Orlando City SC,Higuita,Cristian,M,"$474,996.00 )","$611,662.67 )"
LA Galaxy,Hilliard-Arce,Tomas,D,"$99,999.96 )","$123,124.96 )"
San Jose Earthquakes,Hoesen,Danny,F,"$500,000.04 )","$549,666.71 )"
FC Dallas,Hollingshead,Ryan,D-M,"$174,999.96 )","$174,999.96 )"
Real Salt Lake,Holt,Erik,D,"$70,250.04 )","$70,250.04 )"
Real Salt Lake,Horwath,Alex,GK,"$95,000.04 )","$100,862.54 )"
Colorado Rapids,Howard,Tim,GK,"$2,000,000.04 )","$2,475,000.04 )"
FC Cincinnati,Hoyte,Justin,D,"$70,250.04 )","$70,250.04 )"
Colorado Rapids,Hundley,Matt,M-F,"$65,000.04 )","$99,000.04 )"
Sporting Kansas City,Hurtado,Erik,F,"$174,999.96 )","$181,249.96 )"
Atlanta United,Hyndman,Emerson,M,"$360,000.00 )","$360,000.00 )"
Minnesota United,Ibarra,Romario,M-F,"$500,000.04 )","$546,250.04 )"
Minnesota United,Ibarra,Miguel,M,"$309,996.00 )","$342,318.00 )"
New York City FC,Ibeagha,Sebastien,D,"$74,250.00 )","$74,250.00 )"
LA Galaxy,Ibrahimovic,Zlatan,F,"$7,200,000.00 )","$7,200,000.00 )"
Philadelphia Union,Ilsinho,,M,"$330,000.00 )","$357,000.00 )"
Vancouver Whitecaps,In-Beom,Hwang,M,"$600,000.00 )","$655,000.00 )"
Colorado Rapids,Irwin,Clint,GK,"$126,000.00 )","$138,707.24 )"
Portland Timbers,Ivacic,Aljaz,GK,"$150,000.00 )","$160,000.00 )"
Major League Soccer,Ivan,Andreas,M-F,"$264,000.00 )","$330,600.00 )"
Colorado Rapids,Jackson,Niki,F,"$57,225.00 )","$57,225.00 )"
Montreal Impact,Jackson-Hamel,Anthony,F,"$160,000.08 )","$175,000.08 )"
Portland Timbers,Jadama,Modou,D,"$70,250.04 )","$70,250.04 )"
LAFC,Jakovic,Dejan,D,"$150,000.00 )","$153,750.00 )"
LA Galaxy,Jamieson,Bradford,F,"$76,403.28 )","$76,403.28 )"
Orlando City SC,Jansson,Robin,D,"$261,000.00 )","$289,800.00 )"
DC United,Jara,Leonardo,D,"$500,000.04 )","$560,000.04 )"
Columbus Crew,Jimenez,Hector,D-M,"$200,000.04 )","$200,000.04 )"
New York City FC,Johnson,Sean,GK,"$399,999.96 )","$399,999.96 )"
Orlando City SC,Johnson,Will,M,"$455,004.00 )","$491,004.00 )"
Real Salt Lake,Johnson,Sam,F,"$650,000.04 )","$767,500.04 )"
New England Revolution,Jones,DeJuan,M-F,"$56,250.00 )","$56,250.00 )"
Philadelphia Union,Jones,Derrick,M,"$75,000.00 )","$80,900.00 )"
Seattle Sounders FC,Jones,Joevin,M,"$482,004.00 )","$528,670.67 )"
New York Red Bulls,Jorgensen,Mathias,F,"$275,000.04 )","$306,250.04 )"
San Jose Earthquakes,Judson,,D-M,"$300,000.00 )","$305,000.00 )"
San Jose Earthquakes,Jungwirth,Florian,D-M,"$550,008.00 )","$616,675.07 )"
LA Galaxy,Juninho,,M,"$150,000.00 )","$163,125.00 )"
Houston Dynamo,Junqua,Sam,D,"$56,250.00 )","$56,250.00 )"
New York Red Bulls,Kaku,,M-F,"$799,999.92 )","$799,999.92 )"
Minnesota United,Kallman,Brent,D,"$118,000.08 )","$151,531.33 )"
Colorado Rapids,Kamara,Kei,F,"$750,000.00 )","$750,000.00 )"
DC United,Kamara,Ola,M-F,"$240,000.00 )","$260,000.00 )"
Atlanta United,Kann,Alec,GK,"$100,008.00 )","$100,008.00 )"
Chicago Fire,Kappelhof,Johan,D,"$549,999.96 )","$577,833.29 )"
San Jose Earthquakes,Kashia,Guram,D,"$590,000.04 )","$590,000.04 )"
Chicago Fire,Katai,Aleksandar,M-F,"$1,260,000.00 )","$1,380,333.33 )"
LAFC,Kaye,Mark-Anthony,M,"$166,248.00 )","$177,810.50 )"
Seattle Sounders FC,Kee-Hee,Kim,D,"$640,000.08 )","$772,000.08 )"
Columbus Crew,Keita,Aboubacar,D,"$90,000.00 )","$110,000.00 )"
Columbus Crew,Kempin,Jonathan,GK,"$71,664.00 )","$71,664.00 )"
Vancouver Whitecaps,Khmiri,Jasser,D,"$180,000.00 )","$180,000.00 )"
Montreal Impact,Kinumbe,Daniel,D,"$56,250.00 )","$60,165.63 )"
LA Galaxy,Kitchen,Perry,D-M,"$450,000.00 )","$474,166.67 )"
Orlando City SC,Kljestan,Sacha,M-F,"$1,025,000.04 )","$1,100,000.04 )"
New England Revolution,Knighton,Brad,GK,"$111,253.32 )","$116,253.32 )"
New York Red Bulls,Koffi,Jean-Christophe,M,"$70,250.04 )","$76,031.29 )"
Atlanta United,Kratz,Kevin,M,"$210,000.00 )","$222,750.00 )"
Real Salt Lake,Kreilach,Damir,M,"$968,768.64 )","$1,082,101.97 )"
Montreal Impact,Krkic,Bojan,F,"$1,232,876.64 )","$1,532,448.56 )"
Montreal Impact,Krolicki,Ken,M-F,"$59,950.08 )","$59,950.08 )"
Chicago Fire,Kronholm,Kenneth,GK,"$87,996.00 )","$150,996.00 )"
Atlanta United,Kunga,Lagos,M-F,"$70,250.04 )","$73,250.04 )"
Sporting Kansas City,Kuzain,Wan,D-M,"$70,875.00 )","$70,875.00 )"
New York Red Bulls,Lade,Connor,D,"$126,000.00 )","$132,749.85 )"
FC Cincinnati,Lamah,Roland,M-F,"$750,000.00 )","$806,250.00 )"
LA Galaxy,Lampson,Matt,GK,"$70,250.04 )","$70,250.04 )"
Nashville SC,Lancaster,Cameron,F,"$70,250.04 )","$78,065.67 )"
Portland Timbers,Langsdorf,Foster,F,"$57,225.00 )","$57,225.00 )"
Montreal Impact,Lappalainen,Lassi,M-F,"$302,574.00 )","$302,574.00 )"
Atlanta United,Larentowicz,Jeff,D-M,"$210,000.00 )","$210,000.00 )"
Toronto FC,Laryea,Richie,D-M,"$56,250.00 )","$56,250.00 )"
FC Cincinnati,Lasso,Forrest,D,"$70,250.04 )","$77,583.37 )"
New York Red Bulls,Lawrence,Kemar,D,"$339,999.96 )","$382,749.96 )"
FC Cincinnati,Ledesma,Emmanuel,M-F,"$249,999.96 )","$280,833.29 )"
Seattle Sounders FC,Leerdam,Kelvin,D,"$549,999.96 )","$599,999.96 )"
Real Salt Lake,Lennon,Brooks,D,"$230,004.00 )","$242,587.33 )"
Vancouver Whitecaps,Levis,Brett,D-M,"$71,662.56 )","$74,162.56 )"
Colorado Rapids,Lewis,Jonathan,M-F,"$100,000.08 )","$137,500.08 )"
Seattle Sounders FC,Leyva,Danny,D-M,"$56,250.00 )","$89,872.25 )"
Chicago Fire,Lillard,Grant,D,"$95,000.04 )","$97,500.04 )"
San Jose Earthquakes,Lima,Nick,D,"$200,000.04 )","$218,437.54 )"
Orlando City SC,Lindley,Cam,D-M,"$90,000.00 )","$98,906.25 )"
Sporting Kansas City,Lindsey,Jaylin,D,"$75,000.00 )","$88,000.00 )"
LA Galaxy,Lletget,Sebastian,M,"$300,000.00 )","$312,666.67 )"
Minnesota United,Lod,Robin,M,"$849,996.00 )","$952,496.00 )"
Seattle Sounders FC,Lodeiro,Nicolas,M-F,"$2,000,000.04 )","$2,502,500.04 )"
New York Red Bulls,Long,Aaron,D,"$770,000.04 )","$800,000.04 )"
San Jose Earthquakes,Lopez,Marcos,D,"$279,999.96 )","$387,749.96 )"
Portland Timbers,Loría,Marvin,M-F,"$56,250.00 )","$56,250.00 )"
New York Red Bulls,Louro,Evan,GK,"$70,250.04 )","$70,250.04 )"
Montreal Impact,Lovitz,Daniel,D,"$97,453.08 )","$97,453.08 )"
Real Salt Lake,Luiz,Everton,D-M,"$1,000,000.08 )","$1,100,000.08 )"
Columbus Crew,Lundgaard,Ben,GK,"$57,225.00 )","$57,225.00 )"
Houston Dynamo,Lundkvist,Adam,D,"$274,999.92 )","$303,749.92 )"
FC Cincinnati,Lundt,Ben,GK,"$56,250.00 )","$59,658.75 )"
Major League Soccer,Lyon,Charlie,GK,"$70,250.04 )","$70,250.04 )"
Portland Timbers,Mabiala,Larrys,D,"$750,000.00 )","$793,333.33 )"
New York City FC,Mackay-Steven,Gary,M-F,"$260,000.04 )","$274,833.37 )"
Vancouver Whitecaps,MacMath,Zac,GK,"$189,999.96 )","$189,999.96 )"
Columbus Crew,Maloney,Connor,D,"$70,250.04 )","$70,250.04 )"
New England Revolution,Mancienne,Michael,D,"$881,676.00 )","$995,676.00 )"
Minnesota United,Manley,Carter,D,"$57,225.00 )","$57,225.00 )"
FC Cincinnati,Manneh,Kekuta,M-F,"$375,000.00 )","$391,666.67 )"
Minnesota United,Mannone,Vito,GK,"$540,000.00 )","$594,000.00 )"
Houston Dynamo,Manotas,Mauro,F,"$1,100,049.96 )","$1,245,049.96 )"
San Jose Earthquakes,Marcinkowski,JT,GK,"$135,000.00 )","$147,000.00 )"
San Jose Earthquakes,Marie,Paul,D-M,"$57,225.00 )","$57,225.00 )"
Major League Soccer,Marshall,Chad,D,"$360,000.00 )","$401,250.00 )"
Minnesota United,Martin,Collin,M-F,"$105,000.00 )","$105,000.00 )"
Atlanta United,Martinez,Josef,F,"$3,000,000.00 )","$3,058,333.33 )"
Atlanta United,Martinez,Pity,M-F,"$900,000.00 )","$900,000.00 )"
Chicago Fire,Martinez,Cristian,M,"$80,000.04 )","$88,406.71 )"
Houston Dynamo,Martinez,Tomas,M-F,"$335,004.00 )","$517,929.00 )"
Real Salt Lake,Martinez,Doug,F,"$56,250.00 )","$56,250.00 )"
DC United,Martins,Felipe,M,"$500,000.04 )","$500,000.04 )"
Sporting Kansas City,Martins,Luis,D,"$240,000.00 )","$240,000.00 )"
New York City FC,Matarrita,Ronald,D,"$300,000.00 )","$420,000.00 )"
FC Cincinnati,Mattocks,Darren,F,"$519,999.96 )","$519,999.96 )"
FC Dallas,Maurer,Jimmy,GK,"$125,000.04 )","$127,500.04 )"
Toronto FC,Mavinga,Chris,D,"$600,000.00 )","$663,333.33 )"
Philadelphia Union,Mbaizo,Olivier,D,"$70,875.00 )","$70,875.00 )"
FC Cincinnati,McCabe,Tommy,D-M,"$56,250.00 )","$56,250.00 )"
Chicago Fire,McCarty,Dax,M,"$700,000.08 )","$700,000.08 )"
Houston Dynamo,McCue,Erik,D,"$56,250.00 )","$76,250.00 )"
Vancouver Whitecaps,McDonough,Brendan,D,"$56,250.00 )","$56,250.00 )"
Portland Timbers,McIntosh,Kendall,GK,"$70,250.04 )","$70,250.04 )"
Philadelphia Union,McKenzie,Mark,D,"$72,225.00 )","$82,225.00 )"
FC Cincinnati,McLaughlin,Jimmy,M,"$70,250.04 )","$70,250.04 )"
Houston Dynamo,McNamara,Thomas,M-F,"$165,000.00 )","$165,000.00 )"
New York Red Bulls,Meara,Ryan,GK,"$132,000.00 )","$137,000.00 )"
New York City FC,Medina,Jesus,M-F,"$750,000.00 )","$870,833.33 )"
Sporting Kansas City,Medranda,Jimmy,D-M,"$155,004.00 )","$155,004.00 )"
Philadelphia Union,Medunjanin,Haris,M,"$550,008.00 )","$595,008.00 )"
Montreal Impact,Meilleure-Giguere,Thomas,D,"$57,120.00 )","$60,245.00 )"
Sporting Kansas City,Melia,Tim,GK,"$325,008.00 )","$341,674.67 )"
Vancouver Whitecaps,Melvin,Sean,GK,"$70,250.04 )","$70,250.04 )"
Orlando City SC,Méndez,Jhegson Sebastián,D-M,"$450,000.00 )","$486,750.00 )"
Columbus Crew,Mensah,Jonathan,D,"$800,004.00 )","$894,004.00 )"
Atlanta United,Meram,Justin,M-F,"$650,004.00 )","$678,754.00 )"
Seattle Sounders FC,Meredith,Bryan,GK,"$70,875.00 )","$70,875.00 )"
Minnesota United,Metanire,Romain,D,"$305,000.04 )","$411,833.37 )"
Colorado Rapids,Mezquida,Nicolas,F,"$320,000.04 )","$320,000.04 )"
Orlando City SC,Michel,Benji,F,"$84,999.96 )","$116,249.96 )"
Chicago Fire,Mihailovic,Djordje,M-F,"$111,000.00 )","$114,600.00 )"
LAFC,Miller,Tyler,GK,"$77,565.00 )","$77,565.00 )"
New York City FC,Miller,Eric,D,"$108,549.96 )","$124,424.96 )"
Orlando City SC,Miller,Kamal,D,"$56,250.00 )","$56,250.00 )"
New York Red Bulls,Mines,Ben,M-F,"$57,229.20 )","$63,243.20 )"
New York City FC,Mitrita,Alexandru,M-F,"$500,000.04 )","$500,000.04 )"
New England Revolution,Mlinar Delamea,Antonio,D,"$425,004.00 )","$425,004.00 )"
New York City FC,Mohamed,Abdi,D,"$56,250.00 )","$56,250.00 )"
Minnesota United,Moimbe,Wilfried,D,"$252,000.00 )","$274,275.00 )"
Columbus Crew,Mokhtar,Youness,M-F,"$459,996.00 )","$533,845.00 )"
Minnesota United,Molino,Kevin,M-F,"$500,004.00 )","$546,254.00 )"
Philadelphia Union,Monteiro,Jamiro,M,"$618,000.00 )","$671,200.00 )"
Vancouver Whitecaps,Montero,Fredy,F,"$768,000.00 )","$968,000.00 )"
FC Dallas,Montgomery,Callum,D,"$70,250.04 )","$70,250.04 )"
Toronto FC,Moor,Drew,D,"$375,000.00 )","$375,000.00 )"
Atlanta United,Moore,Brendan,GK,"$70,250.04 )","$70,250.04 )"
DC United,Mora,Joseph,D,"$150,000.00 )","$164,250.00 )"
New York City FC,Moralez,Maxi,M-F,"$2,000,000.04 )","$2,000,000.04 )"
Portland Timbers,Moreira,Jorge,D,"$545,454.60 )","$607,954.60 )"
Chicago Fire,Moreno,Amando,M-F,"$70,250.04 )","$72,750.04 )"
DC United,Moreno,Junior,D-M,"$140,000.04 )","$159,500.04 )"
Toronto FC,Morgan,Ashtone,D,"$132,000.00 )","$133,500.00 )"
Seattle Sounders FC,Morris,Jordan,F,"$499,500.00 )","$619,600.00 )"
Toronto FC,Morrow,Justin,D,"$330,000.00 )","$330,000.00 )"
FC Dallas,Mosquera,Santiago,M-F,"$500,000.04 )","$591,400.04 )"
Orlando City SC,Moutinho,Joao,D,"$139,999.92 )","$202,999.92 )"
Major League Soccer,Movsisyan,Yura,F,"$2,049,999.96 )","$2,273,749.96 )"
Orlando City SC,Mueller,Chris,M-F,"$95,625.00 )","$109,375.00 )"
Vancouver Whitecaps,Mukumbilwa,Georges,D-M,"$56,250.00 )","$56,250.00 )"
Real Salt Lake,Mulholland,Luke,M,"$155,000.04 )","$155,000.04 )"
Toronto FC,Mullins,Patrick,F,"$260,004.00 )","$260,004.00 )"
New York Red Bulls,Murillo,Michael,D,"$105,003.96 )","$113,753.96 )"
Seattle Sounders FC,Muse,Trey,GK,"$56,250.00 )","$65,000.00 )"
New York Red Bulls,Muyl,Alex,M-F,"$123,750.00 )","$127,750.00 )"
FC Cincinnati,N'dam,Hassan,D,"$70,260.00 )","$70,260.00 )"
Atlanta United,Nagbe,Darlington,M,"$665,499.96 )","$665,499.96 )"
Orlando City SC,Nani,,M-F,"$2,333,333.04 )","$2,486,249.70 )"
Atlanta United,Nascimento,Luiz Fernando,F,"$56,250.00 )","$56,250.00 )"
New York Red Bulls,Nealis,Sean,D,"$56,250.00 )","$56,250.00 )"
FC Dallas,Nelson,John,D,"$80,000.04 )","$113,000.04 )"
Houston Dynamo,Nelson,Michael,GK,"$57,225.00 )","$57,225.00 )"
Sporting Kansas City,Nemeth,Krisztian,F,"$950,000.04 )","$1,063,666.71 )"
Vancouver Whitecaps,Nerwinski,Jake,D,"$120,000.00 )","$124,125.00 )"
Minnesota United,Ng'Anzi,Ally,M-F,"$56,250.00 )","$56,250.00 )"
Philadelphia Union,Ngalina,Michee,M-F,"$56,250.00 )","$56,250.00 )"
LAFC,Nguyen,Lee,M,"$525,000.00 )","$530,000.00 )"
Colorado Rapids,Nicholson,Sam,M-F,"$300,000.00 )","$342,073.00 )"
Chicago Fire,Nikolic,Nemanja,F,"$1,700,000.04 )","$1,913,333.37 )"
Vancouver Whitecaps,Norman,David,M,"$57,225.00 )","$58,225.00 )"
Orlando City SC,O'Neill,Shane,D,"$124,999.92 )","$139,499.92 )"
Seattle Sounders FC,Ocampo-Chavez,Alfonso,F,"$56,250.00 )","$85,750.00 )"
Real Salt Lake,Ochoa,David,GK,"$70,250.04 )","$70,250.04 )"
San Jose Earthquakes,Ockford,Jimmy,D,"$70,875.00 )","$70,875.00 )"
DC United,Odoi-Atsem,Chris,D,"$56,250.00 )","$56,250.00 )"
New York City FC,Ofori,Ebenezer,D-M,"$324,999.96 )","$399,999.96 )"
Toronto FC,Okello,Noble,M,"$56,244.60 )","$68,059.51 )"
Atlanta United,Okonkwo,Patrick,F,"$56,256.00 )","$67,256.00 )"
Montreal Impact,Okwonkwo,Orji,M-F,"$200,000.04 )","$220,000.04 )"
Minnesota United,Olum,Lawrence,D,"$70,250.04 )","$70,250.04 )"
Minnesota United,Omsberg,Wyatt,D,"$57,225.00 )","$57,225.00 )"
FC Dallas,Ondrasek,Zdenek,F,"$400,000.08 )","$522,250.08 )"
Real Salt Lake,Onuoha,Nedum,D,"$450,000.00 )","$504,000.00 )"
Minnesota United,Opara,Ike,D,"$350,000.04 )","$367,916.71 )"
Colorado Rapids,Opare,Kofi,D,"$70,250.04 )","$70,250.04 )"
Columbus Crew,Opoku,Edward,F,"$84,999.96 )","$105,999.96 )"
Toronto FC,Osorio,Jonathan,M,"$750,000.00 )","$776,250.00 )"
Chicago Fire,Ousted,David,GK,"$268,181.88 )","$361,136.43 )"
LAFC,Palacios,Diego,D,"$324,000.00 )","$348,000.00 )"
Montreal Impact,Pantemis,James,GK,"$70,250.04 )","$70,250.04 )"
Portland Timbers,Paredes,Cristhian,M,"$252,000.00 )","$283,500.00 )"
New York Red Bulls,Parker,Tim,D,"$738,200.04 )","$752,200.04 )"
Atlanta United,Parkhurst,Michael,D,"$300,000.00 )","$300,000.00 )"
New York City FC,Parks,Keaton,D-M,"$150,000.00 )","$165,000.00 )"
San Jose Earthquakes,Partida,Kevin,M,"$57,225.00 )","$57,225.00 )"
Orlando City SC,Patino,Santiago,F,"$72,500.04 )","$76,781.29 )"
Toronto FC,Patterson-Sewell,Caleb,GK,"$70,875.00 )","$70,875.00 )"
LA Galaxy,Pavon,Cristian,F,"$1,200,000.00 )","$1,200,000.00 )"
LA Galaxy,Pedro,Joao,M,"$240,000.00 )","$261,000.00 )"
DC United,Pedroso,Marcos,D,"$375,000.00 )","$375,000.00 )"
Inter Miami,Pellegrini,Matias,M-F,"$75,000.00 )","$170,833.33 )"
Houston Dynamo,Pena,Ronaldo,F,"$249,999.96 )","$249,999.96 )"
New England Revolution,Penilla,Cristian,M-F,"$500,000.04 )","$550,000.04 )"
FC Dallas,Pepi,Ricardo,F,"$80,000.04 )","$113,000.04 )"
Atlanta United,Pereira,Dion,M-F,"$56,250.00 )","$56,250.00 )"
Orlando City SC,Pereyra,Mauricio,M,"$960,000.00 )","$1,078,000.00 )"
LAFC,Perez,Josh,M-F,"$75,999.96 )","$75,999.96 )"
LAFC,Perez,Adrien,F,"$56,250.00 )","$56,250.00 )"
LAFC,Perez,Javier,M,"$56,250.00 )","$56,250.00 )"
Montreal Impact,Piatti,Ignacio,M-F,"$530,000.04 )","$4,443,333.37 )"
Philadelphia Union,Picault,Fafa,M-F,"$159,999.96 )","$173,666.63 )"
Montreal Impact,Piette,Samuel,D-M,"$135,000.00 )","$143,159.38 )"
DC United,Pines,Donovan,D,"$90,000.00 )","$102,000.00 )"
Real Salt Lake,Plata,Joao,M-F,"$725,004.00 )","$856,254.00 )"
Atlanta United,Pogba,Florentin,D,"$300,000.00 )","$324,000.00 )"
LA Galaxy,Polenta,Diego,D,"$687,276.00 )","$777,276.00 )"
Portland Timbers,Polo,Andy,M-F,"$150,000.00 )","$150,000.00 )"
FC Dallas,Pomykal,Paxton,M,"$99,999.96 )","$104,999.96 )"
LA Galaxy,Pontius,Chris,M-F,"$189,999.96 )","$189,999.96 )"
Real Salt Lake,Portillo,Justin,M,"$70,250.04 )","$70,250.04 )"
FC Cincinnati,Powell,Alvas,D,"$234,999.96 )","$251,624.96 )"
Orlando City SC,Powers,Dillon,M,"$200,000.04 )","$200,000.04 )"
Toronto FC,Pozuelo,Alejandro,M-F,"$3,800,000.04 )","$3,800,000.04 )"
Colorado Rapids,Price,Jack,M,"$429,999.96 )","$437,499.96 )"
Philadelphia Union,Przybylko,Kacper,F,"$240,000.00 )","$277,000.00 )"
Real Salt Lake,Putna,Andrew,GK,"$70,875.00 )","$70,875.00 )"
San Jose Earthquakes,Qazaishvili,"Valeri ""Vako""",M-F,"$1,475,004.00 )","$1,604,042.36 )"
Minnesota United,Quintero,Darwin,M-F,"$1,750,000.08 )","$1,750,000.08 )"
Houston Dynamo,Quioto,Romell,M-F,"$506,668.08 )","$556,501.41 )"
Colorado Rapids,Raben,Sam,D,"$70,250.04 )","$70,250.04 )"
Montreal Impact,Raitala,Jukka,D,"$250,000.08 )","$290,500.08 )"
Houston Dynamo,Ramirez,Christian,F,"$600,000.00 )","$666,250.00 )"
Orlando City SC,Ranjitsingh,Gregory,GK,"$70,250.04 )","$70,250.04 )"
Colorado Rapids,Rawls,Andre,GK,"$72,360.84 )","$72,360.84 )"
Philadelphia Union,Real,Matthew,D,"$57,225.00 )","$57,225.00 )"
Atlanta United,Remedi,Eric,D-M,"$300,000.00 )","$300,000.00 )"
New England Revolution,Rennicks,Justin,F,"$80,000.04 )","$115,000.04 )"
Vancouver Whitecaps,Reyna,Yordy,F,"$650,000.04 )","$713,140.04 )"
Chicago Fire,Reynolds,Andre,D,"$56,250.00 )","$64,250.00 )"
FC Dallas,Reynolds,Bryan,F,"$70,250.04 )","$70,250.04 )"
FC Cincinnati,Richey,Spencer,GK,"$71,666.88 )","$71,666.88 )"
Vancouver Whitecaps,Ricketts,Tosaint,F,"$70,250.04 )","$70,250.04 )"
Real Salt Lake,Rimando,Nick,GK,"$300,000.00 )","$322,500.00 )"
New York City FC,Ring,Alexander,M,"$849,999.96 )","$944,999.96 )"
Nashville SC,Rios,Daniel,F,"$80,000.04 )","$91,625.04 )"
San Jose Earthquakes,Rios,Andres,F,"$660,000.00 )","$729,250.00 )"
FC Dallas,Roberts,Thomas,M,"$109,999.92 )","$137,999.92 )"
Orlando City SC,Robinho,,M-F,"$198,000.00 )","$205,500.00 )"
Atlanta United,Robinson,Miles,D,"$145,000.08 )","$201,250.08 )"
DC United,Robinson,Jalen,D,"$80,004.00 )","$80,004.00 )"
New York Red Bulls,Robles,Luis,GK,"$490,000.08 )","$490,000.08 )"
New York City FC,Rocha,Tony,M,"$72,346.92 )","$72,346.92 )"
DC United,Rodriguez,Lucas,M-F,"$261,999.96 )","$298,549.86 )"
Houston Dynamo,Rodriguez,Memo,M,"$70,250.04 )","$82,750.04 )"
Minnesota United,Rodriguez,Angelo,F,"$600,000.00 )","$667,187.50 )"
Seattle Sounders FC,Rodriguez,Victor,M-F,"$999,999.96 )","$1,087,499.96 )"
LAFC,Rodriguez Bravo,Brian,F,"$700,000.08 )","$1,039,800.08 )"
Seattle Sounders FC,Roldan,Cristian,M,"$460,000.08 )","$596,541.68 )"
Seattle Sounders FC,Roldan,Alex,M-F,"$57,225.00 )","$57,225.00 )"
LA Galaxy,Romney,Dave,D,"$102,000.00 )","$118,950.00 )"
Columbus Crew,Room,Eloy,GK,"$300,000.00 )","$354,694.33 )"
DC United,Rooney,Wayne,F,"$3,500,000.04 )","$3,507,500.04 )"
Vancouver Whitecaps,Rose,Andy,M,"$192,500.04 )","$192,500.04 )"
Orlando City SC,Rosell,Oriol,D-M,"$522,499.92 )","$522,499.92 )"
Colorado Rapids,Rosenberry,Keegan,D,"$151,194.96 )","$164,944.96 )"
LAFC,Rossi,Diego,M-F,"$1,000,000.08 )","$1,052,000.08 )"
Orlando City SC,Rowe,Brian,GK,"$95,000.04 )","$98,000.04 )"
Real Salt Lake,Rowe,Kelyn,M-F,"$261,399.96 )","$326,399.96 )"
New York Red Bulls,Royer,Daniel,M-F,"$699,999.96 )","$768,749.96 )"
Colorado Rapids,Rubio Kostner,Diego,F,"$324,999.96 )","$353,749.96 )"
Seattle Sounders FC,Ruidiaz,Raul,F,"$2,000,004.00 )","$2,000,004.00 )"
Real Salt Lake,Ruiz,Pablo,M,"$200,004.00 )","$221,004.00 )"
Real Salt Lake,Rusnak,Albert,M-F,"$1,800,000.00 )","$2,001,666.67 )"
Sporting Kansas City,Russell,Johnny,M-F,"$1,449,999.96 )","$1,449,999.96 )"
Colorado Rapids,Rwatubyaye,Abdul,D,"$56,250.00 )","$62,625.00 )"
New York Red Bulls,Rzatkowski,Marc,M,"$300,000.00 )","$341,666.67 )"
Montreal Impact,Sagna,Bacary,D,"$660,000.00 )","$705,000.00 )"
Houston Dynamo,Salazar,Michael,,"$70,250.04 )","$70,250.04 )"
San Jose Earthquakes,Salinas,Shea,M-F,"$249,999.96 )","$249,999.96 )"
Sporting Kansas City,Salloi,Daniel,M-F,"$129,999.96 )","$139,624.96 )"
Chicago Fire,Sanchez,Richard,GK,"$150,000.00 )","$152,500.00 )"
Sporting Kansas City,Sanchez,Ilie,D-M,"$900,000.00 )","$900,000.00 )"
New York City FC,Sands,James,D-M,"$105,000.00 )","$105,000.00 )"
Orlando City SC,Sane,Lamine,D,"$902,499.96 )","$949,999.96 )"
Columbus Crew,Santos,Pedro,M-F,"$817,560.00 )","$864,560.00 )"
Philadelphia Union,Santos,Sergio,F,"$600,000.00 )","$668,500.00 )"
Chicago Fire,Sapong,CJ,F,"$475,000.08 )","$475,000.08 )"
Real Salt Lake,Saucedo,Sebastian,M-F,"$112,500.00 )","$123,000.00 )"
Real Salt Lake,Savarino,Jefferson,M-F,"$475,008.00 )","$498,695.65 )"
New York City FC,Scally,Joe,D,"$56,250.00 )","$78,066.67 )"
Real Salt Lake,Schmitt,Tate,F,"$70,250.04 )","$70,250.04 )"
Minnesota United,Schuller,Rasmus,M,"$275,004.00 )","$300,004.00 )"
Chicago Fire,Schweinsteiger,Bastian,M,"$5,600,000.04 )","$5,600,000.04 )"
FC Dallas,Sealy,Dante,F,"$80,000.04 )","$108,400.04 )"
DC United,Segura,Ulises,M-F,"$169,999.92 )","$184,249.92 )"
LAFC,Segura,Eddie,D,"$199,999.92 )","$223,999.92 )"
DC United,Seitz,Chris,GK,"$165,000.00 )","$165,000.00 )"
Montreal Impact,Sejdic,Amar,M,"$56,250.00 )","$56,250.00 )"
Colorado Rapids,Serna,Dillon,M-F,"$120,000.00 )","$120,000.00 )"
FC Dallas,Servania,Brandon,M,"$160,000.08 )","$211,000.08 )"
Toronto FC,Shaffelburg,Jacob,M-F,"$56,250.00 )","$62,750.00 )"
Atlanta United,Shea,Brek,D-M,"$225,000.00 )","$225,000.00 )"
Colorado Rapids,Shinyashiki,Andre,F,"$84,999.96 )","$94,999.96 )"
Seattle Sounders FC,Shipp,Harry,M-F,"$234,999.96 )","$234,999.96 )"
Montreal Impact,Shome,Shamit,M,"$100,000.08 )","$120,000.08 )"
Minnesota United,Shuttleworth,Bobby,GK,"$174,999.96 )","$191,874.96 )"
LAFC,Silva,Danilo,D,"$200,000.04 )","$200,000.04 )"
Real Salt Lake,Silva,Marcelo,D,"$725,004.00 )","$776,629.00 )"
Seattle Sounders FC,Silva,Luis,F,"$70,250.04 )","$70,250.04 )"
New York Red Bulls,Sims,Josh,M,"$695,967.96 )","$710,467.96 )"
Sporting Kansas City,Sinovic,Seth,D,"$135,000.00 )","$143,000.00 )"
LAFC,Sisniega,Pablo,GK,"$105,000.00 )","$105,000.00 )"
Colorado Rapids,Sjoberg,Axel,D,"$174,996.00 )","$179,996.00 )"
LA Galaxy,Skjelvik,Jorgen,D,"$999,999.96 )","$1,066,666.63 )"
Chicago Fire,Slonina,Gabriel,GK,"$60,000.00 )","$74,800.00 )"
Colorado Rapids,Smith,Tommy,D,"$600,000.00 )","$640,000.00 )"
Major League Soccer,Smith,Blake,D,"$70,250.04 )","$70,250.04 )"
Orlando City SC,Smith,Kyle,D,"$70,250.04 )","$70,250.04 )"
Seattle Sounders FC,Smith,Brad,D,"$529,092.00 )","$549,092.00 )"
Sporting Kansas City,Smith,Graham,D-M,"$57,225.00 )","$57,225.00 )"
Columbus Crew,Sosa,Eduardo,M-F,"$99,999.96 )","$120,199.96 )"
Minnesota United,St. Clair,Dayne,GK,"$70,250.04 )","$74,753.17 )"
Orlando City SC,Stajduhar,Mason,GK,"$70,875.00 )","$70,875.00 )"
FC Cincinnati,Stanko,Caleb,D-M,"$337,500.00 )","$390,833.33 )"
LA Galaxy,Steres,Daniel,D,"$150,000.00 )","$157,333.40 )"
Houston Dynamo,Struna,"Aljaz ""Kiki""",D,"$1,100,000.04 )","$1,210,000.04 )"
New York City FC,Stuver,Brad,GK,"$99,999.96 )","$99,999.96 )"
Vancouver Whitecaps,Sutter,Scott,D,"$155,000.04 )","$170,177.04 )"
Seattle Sounders FC,Svensson,Gustav,D-M,"$570,000.00 )","$600,000.00 )"
New York City FC,Sweat,Ben,D,"$200,000.04 )","$200,000.04 )"
Montreal Impact,Tabla,Ballou,M-F,"$70,250.04 )","$70,250.04 )"
Montreal Impact,Taider,Saphir,M,"$1,400,000.04 )","$1,400,000.04 )"
New York City FC,Tajouri-Shradi,Ismael,M-F,"$350,000.04 )","$380,500.04 )"
San Jose Earthquakes,Tarbell,Andrew,GK,"$200,000.04 )","$235,000.04 )"
New York Red Bulls,Tarek,Amro,D,"$150,000.00 )","$156,250.00 )"
Vancouver Whitecaps,Teibert,Russell,D-M,"$170,000.04 )","$190,000.04 )"
Orlando City SC,Teixeira,Ruan,D,"$159,999.96 )","$159,999.96 )"
Toronto FC,Telfer,Ryan,M-F,"$70,250.04 )","$70,250.04 )"
San Jose Earthquakes,Thompson,Tommy,D,"$174,999.96 )","$174,999.96 )"
New York City FC,Tinnerholm,Anton,D,"$496,800.00 )","$546,800.00 )"
Real Salt Lake,Toia,Donny,D,"$131,254.20 )","$131,254.20 )"
Seattle Sounders FC,Tolo,Nouhou,D,"$84,000.00 )","$84,000.00 )"
New York City FC,Torres,Juan Pablo,M,"$70,250.04 )","$84,750.04 )"
Seattle Sounders FC,Torres,Roman,D,"$670,000.08 )","$740,000.08 )"
Minnesota United,Toye,Mason,F,"$135,000.00 )","$188,000.00 )"
LA Galaxy,Traore,Diedie,D,"$56,250.00 )","$56,250.00 )"
Columbus Crew,Trapp,Wil,M,"$549,996.00 )","$593,746.00 )"
Philadelphia Union,Trusty,Auston,D,"$95,000.04 )","$124,100.04 )"
Portland Timbers,Tuiloma,Bill,D-M,"$100,008.00 )","$107,508.00 )"
New England Revolution,Turner,Matt,GK,"$75,937.56 )","$75,937.56 )"
FC Dallas,Twumasi,Ema,M-F,"$150,000.00 )","$196,900.00 )"
FC Cincinnati,Tyton,Przemyslaw,GK,"$231,750.00 )","$328,438.00 )"
FC Cincinnati,Ulloa,Victor,D-M,"$210,000.00 )","$212,500.00 )"
Montreal Impact,Urruti,Maximiliano,F,"$900,000.00 )","$1,071,000.00 )"
Portland Timbers,Valentin,Zarek,D,"$159,999.96 )","$159,999.96 )"
Columbus Crew,Valenzuela,Milton,D,"$290,000.04 )","$321,300.04 )"
Portland Timbers,Valeri,Diego,M-F,"$2,319,999.96 )","$2,419,999.96 )"
New York Red Bulls,Valot,Florian,M-F,"$70,872.00 )","$74,508.45 )"
FC Cincinnati,Van Der Werff,Maikel,D,"$549,999.96 )","$635,166.63 )"
Montreal Impact,Vargas,Jeisson,M-F,"$225,000.00 )","$225,000.00 )"
LAFC,Vassell,Peter,M-F,"$70,250.04 )","$72,750.04 )"
Atlanta United,Vazquez,Brandon,F,"$150,000.00 )","$166,000.00 )"
Real Salt Lake,Vazquez,Julian,F,"$56,250.00 )","$66,250.00 )"
San Jose Earthquakes,Vega,Daniel,GK,"$200,000.04 )","$210,000.04 )"
LAFC,Vela,Carlos,M-F,"$4,500,000.00 )","$6,300,000.00 )"
Houston Dynamo,Vera,Matias Gabriel,D-M,"$225,000.00 )","$231,250.00 )"
Portland Timbers,Villafaña,Jorge,D,"$600,000.00 )","$617,500.00 )"
Atlanta United,Villalba,Hector,M-F,"$722,499.96 )","$830,249.96 )"
Colorado Rapids,Vines,Sam,D,"$80,000.04 )","$81,250.04 )"
LA Galaxy,Vom Steeg,Justin,GK,"$57,225.00 )","$57,225.00 )"
Philadelphia Union,Wagner,Kai,D,"$318,000.00 )","$360,150.00 )"
Sporting Kansas City,Wallace,Rodney,M,"$360,000.00 )","$360,000.00 )"
FC Cincinnati,Waston,Kendall,D,"$750,000.00 )","$776,666.67 )"
Toronto FC,Westberg,Quentin,GK,"$100,000.08 )","$115,254.08 )"
New York Red Bulls,White,Brian,F,"$57,225.00 )","$57,225.00 )"
DC United,Wild,Gordon,F,"$99,999.96 )","$129,999.96 )"
Columbus Crew,Williams,Romario,F,"$78,650.04 )","$78,650.04 )"
Columbus Crew,Williams,Josh,D,"$215,000.04 )","$215,000.04 )"
Columbus Crew,Williams,JJ,F,"$95,000.04 )","$149,750.04 )"
Portland Timbers,Williamson,Eryk,M,"$120,000.00 )","$136,500.00 )"
Houston Dynamo,Willis,Joe,GK,"$165,000.00 )","$172,833.33 )"
Colorado Rapids,Wilson,Danny,D,"$500,000.04 )","$540,000.04 )"
San Jose Earthquakes,Wondolowski,Chris,F,"$800,000.04 )","$800,000.04 )"
Philadelphia Union,Wooten,Andrew,F,"$510,000.00 )","$595,833.33 )"
New England Revolution,Wright,Brian,F,"$70,875.00 )","$70,875.00 )"
New York Red Bulls,Wright-Phillips,Bradley,F,"$1,200,000.00 )","$1,380,000.00 )"
Colorado Rapids,Wynne,Deklan,D,"$74,250.00 )","$74,250.00 )"
Montreal Impact,Yao,Karifa,D,"$56,250.00 )","$60,466.39 )"
DC United,Yow,Griffin,F,"$70,250.04 )","$76,368.37 )"
San Jose Earthquakes,Yueill,Jackson,M,"$145,000.08 )","$190,000.08 )"
New England Revolution,Zahibo,Wilfred,M,"$513,000.00 )","$583,000.00 )"
Portland Timbers,Zambrano,Renzo,M,"$70,250.04 )","$70,250.04 )"
Columbus Crew,Zardes,Gyasi,F,"$1,421,666.64 )","$1,471,666.64 )"
Toronto FC,Zavaleta,Eriq,D,"$275,004.00 )","$296,962.33 )"
Sporting Kansas City,Zelalem,Gedion,M,"$56,250.00 )","$77,916.67 )"
LAFC,Zelaya,Rodolfo,F,"$162,500.04 )","$185,833.37 )"
Sporting Kansas City,Zendejas,Adrian,GK,"$70,250.04 )","$70,250.04 )"
FC Dallas,Ziegler,Reto,D,"$820,000.08 )","$870,000.08 )"
LAFC,Zimmerman,Walker,D,"$600,000.00 )","$600,000.00 )"
FC Dallas,Zobeck,Kyle,GK,"$70,875.00 )","$70,875.00 )"
LA Galaxy,Zubak,Ethan,F,"$75,000.00 )","$78,125.00 )"
Sporting Kansas City,Zusi,Graham,D-M,"$625,000.08 )","$688,333.41 )"
